0027c93cd823a28a105a94b060f80c57a9c1e486.png,>[*])
00ae514650aa103adc0b70bc6aa2d8ce7c2ed5ca.png,@>((@
00c9b34aa9e675bbfbaa9ccf3bf91eab2e399e1a.png,=kd
00f2e6a20765605e5d36f7c4b364ed8597c33e79.png,>m:&
016b0f63dc6f27dec772a2730f00b0135af5cb1c.png,iij
0179031aa153a5d7e951a34b1b8d6f9a2f217ed3.png,?^ii
01ac12a9f065b6615b10752451ec1e4221e8c37b.png,^@--
020a7fdcb6147584b2176b98b5bbafa30f169189.png,==?
02cd4386af5d6d665e10654c0d7a0466e192c2d2.png,))
03004d0d86970efe539caa0344038bf7c7282ba2.png,?l_d/<
03160e128aad7e2aff187e336cd84ac76dffeb1e.png,c
03951a4a79f12c67a248ea1ab8f92cb4501c4cce.png,/e%%]!
03a979a25fe81b28183f79c3012a211a022a7416.png,#dhbbi
03bed249866f727600d1f0f4cdde1056748556ac.png,[%#n[^
03e4fbfce8f2eff476ef09f7df81babe8d242aad.png,$>]+mm
03f3093b4df146900e135b8061721dac99a9d701.png,c(
04831ab3e17fdb867cc65120f73f362e3a4fd88a.png,[]_><
04c83c6932a94d9870ffcd4e2fcfc520c74dd817.png,@@%i
04e4e1ea36f601f4685773ad99c2c2eb7155a76f.png,*^<)(&
04fb07e42ee7e1beb974713077a2a3051135c37b.png,<>>c
0562814cd801b827a402ba95938eb769652b669b.png,+k:
0579be730f3a40148dfd1fc02d3ecc05e9d44646.png,a!!!a+
05c5000f84e3556484b2877d6c2b7f2583cd0496.png,>n^j*
05c51a9beba64c64e18589d1b8d67a108847ccba.png,*
05c8fe29a26622d10d1dc7eec7a08eca080053f9.png,)j//
05faaef0bb8df535ba6b51dadd05c58ea46b4b00.png,$$g
06867d76d440120fe82806a65026dd6727481622.png,/$$=
0787f800c46f4e3da0a74982473bce649cecac7a.png,+-?m_h
07897210ec080dc57769535cb21a8e35fc90d35b.png,<:=--
07bbe207b205b0cfcc9e5a0acd199ec6367d850d.png,l(-k+=
07bce0ccedaf5c993422c3bcd891e8d3a2ea6281.png,om>c&%
07e211f892d8dd15923921a285aa4fe63c68fb39.png,<$$
07e53795a5718ecb9530a79900ef519b236a3911.png,!_[
07ed65afe51f5e1a2d836b339a30c2d71873a9bb.png,m?f_
0904cd22d098d9de691843d7a9535827cdc0f65b.png,/((e
093932d8c58412ddf4c524507084a7c2a2f88c90.png,%kj-
0950056ed6c9fcf14ec0c28848df5a0c3f2fd338.png,++/
09a30b8d0422fee6508a25eaf50867eb19025c00.png,<h^^-
09d8e1270fedd48d29b731e186399c45c3578643.png,_a$ee
0a0c23b5c749661fced0301b6911beb7e9b9b716.png,dekg
0a30ce3ff15945a8048fd09cfaf0c7d7ed61aedb.png,c__i^
0a4584aa767f306aff59604df2a13706f15c39f1.png,*+)/?
0b49562f90170aed782110653849a6c7714dbf97.png,/]+
0b517224ccd268b14bcf2e6bbf5f117623fb334e.png,-&:?c*
0b52418da8db27d4d2e5756c521361537fe8b44a.png,$&e
0bd1432ae547870e1ccf76eef4b1f79c0c3d507c.png,@/^<[l
0bee150624c6aec2f63189817f6a2e1878faf4f9.png,n/
0c2c3e0505eea52938ab3900f235b07d4b158df0.png,dn&k#@
0c9abb57de6c1ad4f508792d0a3e9b3b54fe452f.png,)_::g
0d0a08e45bf33bd8de642c27d4956cf658e075a1.png,>>))=
0ddddd96759fd1742efabcd676a45c91a5ddfdb6.png,nn!<o
0df72896dff8496a2790f60c74eb387bbc9c5560.png,kbbk
0e09caf83b1a1fed3195997e481f80342261c55f.png,ochj+-
0e31136164236599e586b08f0ecc70e3bc913d28.png,j?%da
0e3fa401b86c5acadc10062354a1a6a0467fd7bf.png,hof!h*
0e5f0bb577aba8362766756306e56baae0169248.png,-
0eb2bbc541dffbf57f71ceab41b7fa44dc604481.png,[h
0ed56442dcbd5f82c10c76b474b6b04f742d1235.png,[=d##=
0f274900fd7efaaf4f0aaf7575f9507a3673580b.png,[[&k
0f311d50003ce707cc82e281e0a9b13d391968a9.png,g--$[
0fa8d5b1cd41bdd317ab0d5b1992e1394c7c8ae0.png,*cl/h
0fdc8795edd621b7d92c4db7090debd6ec4b450f.png,>jiif
0fea6d1b6e791849def91444bd7bec36b23e5042.png,=@>c!&
1062c4feb071f1291474b9bbe8202e4d4d9570b8.png,>$$
109101ed57634abb18c488c2f456894470f26eb0.png,-^dhh/
112efc19a104e8fb6ee67f50af4c452934e2729b.png,a+&kdl
114013f0667b9ca326c10d43f7c752a7da433162.png,/cc-
118358a455484aa12034c35e5deaf035bdc38893.png,[kha
11e05251fd634b03256bd6305564fc8bf47aa454.png,ff$
1268550d63a719449f06ec77e1320d6fca7dd847.png,==
12c0c02041e58cbe8c3b385d6180d6867b583550.png,=
1387b85b2271e8508757d2976b7deb97260e7419.png,+=f
13c4e6152b00eafd40a1c8b617d2163a42303565.png,l>g]/l
1409fc73b3a337e72fbb932d20a6bc43702fb0c0.png,<<_
142710534ec2bc14a771db8bc9cc0e0986a05400.png,o:
1465e4b24445669f8a41ea7e7aa94fc9d326f977.png,#%o
148254bf7156168f02cfbafebecb806ec68f6bd2.png,>nn
149246ab025416d0b2045a2e0c46a107c8dcda4e.png,b:a>
14ae51dba072a8b20cffb02e41aa4f379664186c.png,i/-##
14dc61288018fb81d74e3406624b97b305712077.png,i#_n
1571458336089315771e52b229f0a1855ae9799f.png,f]]+
1577f061a78cb8e9fef620335597072775892985.png,cbbk
158a042edbbcbd349ff9f1118a57b6f741cb2ba7.png,_"ii
15a3e1e58a35034e8854b46b4d158b80e86cf07c.png,g&k>l
15ea02bc9a3097768e1ecb590111048941ee9a6f.png,i++%_[
169d0a597771f6f5f4416b50712322b3bd089e46.png,e=m
16d94b200d1d5f389636e69900d15e315ab6693b.png,%^_e
172fe69d3eab6ec3168cbb760cc5b9cb664cdc63.png,j_
17448ee2556b17fb5f90c42ffb9fcc69e6415bbb.png,$$m_[
174fd5d23938bcccc52107361233bbb5421dbb40.png,)ljj]e
175b94be3690c8cf00c7f3503450539ce8aceb69.png,h)[$/:
175fe00c616a17e9dcfa4f3ed53fcce29af28820.png,d#<
17e554f88dd0c056759e4a7b8643801f663dcc74.png,fe
17f211657bd7509dd04bfcdea4365b9952696b47.png,)a)j>e
1848760b8482b1648d5cbcc77e862ca9899427c4.png,]m&c!(
18f7d9bab749d20f4b92dc3a94257e563cd9b76a.png,^ma^gb
19731ff9d889a845eb54678b821c0a1334f42e3f.png,!kjj
19b798fafe3ac6419c0a07f099f9cd1a1244e69d.png,$^n
19c09be7452cc6b04d1638635f2eaea97376310f.png,)c
1a6ed81d09665f292ac8c09a62df05d40c34dab9.png,-
1aacafddb2090196d9d0a1ead5887359dd5a3a78.png,)
1af45ddc649b62fa02f1d4b6c603e8fabda9d80d.png,kee_#
1b79d72d175beee5e745980bc987ea189b07ef6c.png,o<g[>h
1c6dd29366766ccb1b415afcb2c03a5851fe5471.png,mm_:
1d6354665533f8a7068a77fb7b924da65be45b94.png,-!hgl(
1e1f2b252d0b6825de3d38a05c825e11336df4c3.png,#-
1e49c7729eecfa802eb653cd3f8076fe9ae3604c.png,<k
1ea1d6effd52c926bfdb08c1af8dce3f1e6b3735.png,]ha%g
1f31c7159f60a0e1a0f951614dd95c230480b547.png,cjh<
1f6aa637cfb1f9be8feac2908a22c7ad72b66796.png,>nec_
1fecd9cf0261903ea937497e52e8ca592fdcabf6.png,d=
1ffe147f55548176857beac42013b3337635b369.png,(
200fd2d5b41fd7173c96bf6be06a4bf69cfb672a.png,>
208adeea40b90a780fb5c80eb90e48da76e858c5.png,_dn!
20ae8d8e0224d7f37c30735fdb1176a1d3599fa2.png,em
215fcb9f1c683b46649affab65d582efcbff768f.png,jj
21cbe7342a7b093c42eec36e6d782c593998c62a.png,ke=(_
223b66ddc4d278fefc50e167b19f38529f641741.png,)_((=/
225ac3815741ebedce46d4f1d7d30f34376288c9.png,*he+=&
2267e8686f3889a75bac1427e694de52dce66972.png,/=[jk
227b8b42e82319b2f95847bfd6da8cb2f16b400c.png,jj-==
227d3479b8f43d054bdc4e3106571b8e36cfc85e.png,+^*h
22b506f00774f3e79b515b0646893df40b75bd21.png,[)*:&m
22e261f01e98e4962eb90671d9012116d53fa7e1.png,$j[++
22ed90a149220d0680828a286230fc8ee4b17327.png,oc?-:)
2378b350a8b0156f922210e23c405d6950a7abfb.png,]f--j_
238ec9de7d5ebbae804419aeccebccc505a31078.png,f(&#%k
23fce5c4449a6eae8b408a433a612f106bba2748.png,/-
24284451ca914513cdbecdafd50e18eec4962498.png,/jh^(
2438d27e08c80b43486180f151ebba3664ff300d.png,aac/
2441574281ef8e5f0115ab9db32892de6c334bb0.png,_o$$#l
245502b6bfbc2e9374dd2e0d2df39cefefc09027.png,(
2493ee9e9f1e9963b1644c48dd91707121b5bf7b.png,enbe]<
249a1ae4923db140dc9632c32c118da14674902e.png,i?]
24df155a083b6d4149f1a4690d0d1259485c473b.png,_e+cal
2572c9be497e0d71f2498db226d2ca936af1a5f8.png,d
257da02868e9fd0866022d66354dbddcb25ea545.png,]=m
25b3abb336bc364db791ba601532df5d498adde4.png,]
25b713d8d2ec06157c84aaa10d35c2e14e8f45b4.png,fdj]*>
25f23d4ae3196d6aae9a7e35dae7b192739a9108.png,
25fcdc7f43e7234f87b3baa518a719293ef9ed86.png,>>$
268baf5d811d7bcd8f04f25920c6050baa334041.png,o=h#>/
26acfe62e086b4b64b03a20e4a6e0358b4de6975.png,_j
270b5e252ab7293a3e6f3e9fac0220e427a61df5.png,-*>>k
271d44000a139efb8988c462dd71790251afd199.png,+dbm@[
27e07731ae03dc359189ef3ecf3e3dbda07734be.png,lk![g$
27e4b5c27feeb40c9edf351b7621916a22a983d4.png,?!e=
27e75c102687e29ce8ec111ec6257c63471371de.png,!]cc_"
27ec8aae776556b287581aec411644e5d30f2afd.png,)?
28cd933e6ffa0c26093f074a613a06522206c461.png,>=$
28f6db12285ca28b85a7051b800993ed721be6c4.png,(]/
29050ea74de74588b26b695f4b4f3b14bb39cc26.png,c*+c!&
291778682efed4bf8a9377cbc54bea3b14438993.png,##_f^
2960e3660d28b1a0ac353c3f097b0845490edf0d.png,gk=:%
2982e480d53968da8eb8948c462b068489e47fb7.png,>ldd<
2b13dbef5722b5024abe6515c26ec4031dd00031.png,/_c
2b2322ce3305dbe17e7ede39293f84125b063276.png,fdn)la
2b6eb143b363da75462b1029b6e3e218e2544973.png,ccj
2b85d16f1120db1f4f9c0404bcfe3e83953042db.png,**?
2b893f44346d7f129f09ce67c32889d6b01952ec.png,o_((_
2bc313704757986c23784c54a49ebb322b8b468e.png,--+#d
2c96576dda8f9f58b5c34c138b5cd159890aa9f6.png,*%@[
2cce7c15682a9109c5e392a3e2ba5966b66685c5.png,^^kk_
2cf0937bc6dfebcf3c55cc689eeab2650d2fa971.png,mmf/$
2d4641a207fda78989e075502c79e264b9df4f6d.png,:]:-n@
2db3f49d34c0b9115dfee1d8868f5419c33ff4df.png,&a<^b
2ddb292f64fa57961733d3d8b432b73b1f5dd31e.png,<>m!>
2dfbb028403c1d5bd5e147d1f67c92ffd11a8aa4.png,(:b#
2e102d07950f31421336ec42d65e23dd019d5776.png,d)a
2e722e9995688c56baad93ed472c0a205e6c9167.png,kddjlc
2e90c93662cd477e31e51c2050967aad6de5eedd.png,=dk!j@
2e91c3df9054075cbaf9d7c645ffff7cdf265142.png,l_-_
2e942edda3aded08829cb5ae25dad92e11643060.png,ank
2f098878f1f1d18295841e2770f8de238feb4a1e.png,%::mm
2f105eee27c4911ebfc3fe1ebcb414a05c08d142.png,af
2f10a47331f8b3fa5ea209b64c600071c0e53ce2.png,>]nc:-
2f4a7afb11d753a1e5daa345abcc717a18417316.png,/*&j
2f7933aa1d722e4e409e37482a8508ee4667bf8a.png,_-@"/
2fa7753bcdc5bae2a3a64de6d25eea29655e2a55.png,$j#_
2fb0d8ba9a24bf46cf4588cd2376f11734ac1ce5.png,**[i#
2fec5bc36c227020bcf24eb4778fae36b7b4ae31.png,ad
305687f2000b476f2ed6f67c7c360ff4d876cbef.png,:<)(
305d6a93cee36ccfad753f2a1934e0d6fca66df9.png,d_
3069b52a21ae5b9181d0879d863a33b7c0d940d8.png,+
306f25e257c783e11cc059a5b7d50ca0d0e2cd54.png,++]]
30c8e9e4c9561ccb6f505b4eab1b9610d0fb91c7.png,/!//
30d3a3ff587bb28e2e86367b0fd328d2c8069b08.png,/
30dfc4e9172b1850fc5f461b8fdcdb2f1785400b.png,)/"
313cd5746b8aa625cb8cd5e05657faee305e8230.png,&%><>
3141c846d687b92f05ee6d974c6da19678e3a56e.png,o_m
31792f96b1595a08bf87fc72dc59a6b32e726050.png,)
319ed85c828536c2b631bda82aadb1ec3995b6fc.png,m!a
320b4f0e28f370e845d9cb0acac257f63acc32c5.png,c:
32cfe000fb8ca907799b3c8ee45fc22ce5b94ead.png,n
32d6e26d5aec5789eb2deb6b31b75324ab749165.png,hj(+&
33ed182471b808a07381a04701fc2246afe342c9.png,#fhmk
347dfbd37eb960e3903da1f20e9dad0c30bfcd27.png,=&_(d/
348fbc3257fe2b7681e22ab7ac0e96288688afca.png,/j==
34934a161d7137702bff1c6f141a9554cb5eb78d.png,?c=fj
34b96d7ffa959ab783be00c06ada223dd87ddf47.png,/
34db6a14f0b9c7256f3bf7c8374f6274dd1520b3.png,*hecf
3548830ac6724764f8570bf1c941e75b9f9e42a3.png,ibc
356ec29c0f50c66f4808f5bbd88efd7bed71f18c.png,kam?]b
35c73efd9d36b5f9a7fda0500d35acc2f4ee52f2.png,j^+h
35ff740697967b103f2c60f9a7e11f37bd1eec9a.png,#h
369a9de85b7d94cdb0e48f1f11adcd9882a14f35.png,-dl-mh
36bfc2f32ebb1f026191390515c880c7d90caff4.png,boj[@<
37270e60c219610bba0fba83a65359194fb36750.png,jj-
375e8afdabdaa75b447e95e81d7d78696500dd34.png,)
3786b604b8c80a679fe39ed7241f276fa6c99103.png,j-<$
37b71d4b8d15da695c56583985746360b07f9e22.png,h*:aaf
37bab2ef385aac2a4b9cb77842daa343caf80e53.png,gndj^e
37fca84d76b9f3fd009a9ec3fa27570a730ee820.png,d!
3828b3f8948b1a7dc3ee388ab6588a307457dad7.png,d#?o
383c30a3dc9b881657f25d36973a44849f688225.png,jbb/
38d066ef2f8c94814a00206a757e294510852789.png,-[&%+(
38d2f986a1d52700e65a907fcfdb569023492237.png,k*<<
38e8671018d9851a9f4ab79fc08fe467251be3f3.png,-!!!*c
39617beb7d6771d8af5da77c84b0abdc46cad73d.png,=>
398080a4465974d8f94d00c3e4a214647f6adfb1.png,]*na-b
39a198659dbf2b8054edbf0ac61996cccc772f32.png,ae
39ba54a1be52f34bfbc52dbeea7cb0b6db797f16.png,!_f
39be06f22e45afc1157b6695bde70e8700803783.png,^/$=
3a8522f0fe7ae1f543c144c9c0d94838caa70590.png,c*
3aeb37b3ea829e4947e61952b9c0be49bc62f518.png,@<b#?:
3b57f7b09ac37785617848eb5595d196f891326e.png,?do=
3b65fe4ab31f3fa5c9df90c91197bfe76c8cffa5.png,)=_(ce
3b9b6f3d6b957ddc9af51a76c1d308978fad1287.png,d)<>
3be4c1ba67f8bb44e1b2935863c5d56eea1fdf24.png,>)on
3c2fc2085372523ca095d2355641b7b61f88f89f.png,#f_ic
3c67e170a89cd358e59205812d4b1976df1ee283.png,[#jk
3ca1f4c45c31550dd257dec90c0908f31f27c9be.png,?m/-k
3ca8b44fc3a152c4001ce35a8d5b59aae40558a7.png,-??
3cb43e6d0d40d98610eccec5c5b3257f99b10050.png,)@
3cb8651c40a1e4c8edca903356ae34b6cc59e708.png,*nee
3d157a421bb8d19c4ed3ba793c9a48c6448a8bf9.png,%-
3d76d0f21495e4ce0a04d800c7f6e881821946f5.png,g=&%
3d8d1abd1d01d031f9a37c8f2b4f5038fa63b205.png,>>b!
3d9809b01e2e8074c7eab3349dc0733a86736528.png,/oll*
3dc62f085428bbccc53bcfd99eafd565d259173d.png,kd/<
3e3aa4d1a6f6664f9cbf46fb78ab3915a23aa9aa.png,<g<
3e6e1c880c6a65833d6ab4aa0956af5496f028e1.png,knlhn?
3e73d5e93caecd3e8dd4793b7b1eabb94fa3bd92.png,]]+<
3f165b9a7f6d8d184b5eaafaa21e40285ea36670.png,>^b-
3f21b9166303a4cb42b845607b5ccbe7dd2ec668.png,::(
3f5402c8160fc7a2cd87948df698b6fcc2479789.png,@:e>g_
4090df1c7e324a89d36721b154fe83efce2ab240.png,c$n:n@
40a75e581bc04e6a98d42f08d87257408281b642.png,e<<*
4193ea1249da14d6bff6c0f6cd378d40d2513b4c.png,)-j==
42097488dd3c93cd60078bc6cde1ff8c8eff8c30.png,jj/k
423ce8e4fcec2f5dc976970d9f18ebafdf105571.png,-__<
42577b525e7a5cf34b7565f2947ec733dbe59d9c.png,o)(![
4295ef4cb7610642074049b749b5e2dc7a02b48c.png,=)
42abea836b876572e10405579a1b8ed1be417d0f.png,/>/^f/
42b00c833666b41bcceed3e8cd426fc20838c9cc.png,g=$(-j
430cef22503480f9579b866452cc194eface3065.png,(?)ae>
430ed02f494a1aedf8208b75735e37759cfe68be.png,k#$j)
4329ed5e0a057fa4faa2fd2fe814a38262d9e342.png,%l/a
4352f751a418d09ea32c61bfca71734b7f06ba67.png,n==]
435a8c237fab4ad8443c6cf70f65f2dc61f52f0d.png,*?f[
43ea2fdd35635e2f9553f00fe5630c2bf00140dd.png,@
43f13ecb89944b3ccf1ab4d622efc4f893ac75b0.png,!--
44dc6ecbdce16333d40a8a40e5f3d6192716cc85.png,ldm!l
44e7d537a6d2de738a1f986c6c4fdaa527a80a42.png,?h))
4515d2aebb5740bb3030f9da22d932d00d24239c.png,+
45470a5a9cace28cb0664252ada9780fb23a16d7.png,-:->
457de54876736547e7584985609dec9f0e0b5618.png,/?!/(
45b67b8215ec34e5652d3106140d57d8c4735fb4.png,
45cb205dca2582a8c7b87eac86d0c3fefb6db477.png,?#_:$(
4640ca222949c3a06533c909dd4ac864527581ab.png,c(!j*
4661c57a789b5b1ff2394a9606ec08d45836571f.png,d<:
46f49636351169012de240a6081bfe5972c6be15.png,==d!
46f8cf906757749cb6a0fdff85d4e4ee2ff7eff1.png,f[d
471dc55a9e3deb6c2cf0f0e92fe38e32bcbf8856.png,jkim<o
479bd55f843aa1701548200b1aefd6aaff5b5ee9.png,h]/
47ea1b01e9f55207ba7198bdb701ab887f03953d.png,$??e
482e8617cc42882b5c36c33ba2f7fccb73de2f49.png,>i$$h
486451b528c77588f55e49c6d9a684487121fe7b.png,=dd>>
486b714ab19ea43e129532f08841fa5bd97f78b9.png,_!l[=
489f1ac81216ecbd93a5567959b1c8976d76b9f4.png,$$ndd
4911647ca8d714a55d1c0c53809eef18c22daf5b.png,e::
49226d2df4672cb5ac3ea99d84c296a61ecfa548.png,=&[(l:
493a31c344c34efd51f7b1330fb4538e89fc4ccb.png,[-=<
49663a651eac79094257f741e2bba8bea71fee3a.png,e#::<@
49b31a443fc5a5a6020fcaf7bbd49c5c59ccc853.png,[jf^_*
49ca2c3a507770bde79f42673c44a6d0b637f83a.png,a+gl
49d5f9208331f82a57809209192def930158ab46.png,(f+?)
4a1daf6a9ccb505f72c8cb843686e32ba646bfcd.png,==<
4a1dbe68e928bc580756d74d38c57f526a3cc441.png,[[<
4a55476dcc57e09bc7f6d8fc4cbf6cc1c9c68385.png,&]k
4a6fb6f6048e6b9f437026544625e8a0c0d34311.png,$$><
4a9cce58683998cc7bc3dbab400edb3fd45050c5.png,??f
4ac2b5e1f6e12ff6f9d4862ac42c274a96a528a6.png,^bh%
4af0b6d8711b111718336402ed6fae85283b4460.png,k]]
4b01ddb0698c02a2246d43831ce4db2bb2c53672.png,a)l*a
4b0aef3a8e19774af17f2a5b25d0bbed9c90134d.png,lmml/!
4b9d6b8b64ddfc160b13a5c5a4530d873dca3031.png,%/a
4bfb706a04f688ca11bf0c5e05908377ec977f34.png,#m[
4c5182634be0386af87e6204b5761b3b9f37e89c.png,]ah-
4c73614f4594e3037394a7571f857adcae7ba0cf.png,m#akh-
4c777021cf27e858ec118da8a2cdf93d157f7f4f.png,///!
4cc7f38317872f8bc8f5bfe7224a6c04a997d7b8.png,_
4d124b6444ea645d4f9688f0b7beda1ce6a25ffc.png,?^<ec/
4d7a25d8df1b20edff6a8faebf498a960c2a45e4.png,-_
4df72bd8dcb7e5110b0fc59524fb38c298f4258a.png,##c[+?
4e0be885312a8c075fe2717425382a0256f7b016.png,a-//fk
4e2193f8c88d273719083885ae47b54973b77945.png,##@
4e54fffd6e41e9dc7ec8d3d9d510b7289fce77dd.png,(^k))/
4e6a6ba980e4ce72e4d7df797196cafc0b74770e.png,=a<
4f07e37372618a901c70b8d0ef823f7bd1978e98.png,/o_
4f0ca63d81f3e3ed9e01774da72afab77a7b1f12.png,&$$>e=
4f6be3312ee75248602536984f39eb3d8eb6ddc5.png,:=-
4fa367a4f1d69da329ca11c947e47cae8bd29f5e.png,%*ba!>
4fc1c2aeda7567af44bfb9625deefcd748f2811d.png,^#::/
4fc8707afc8874ac9ce490d12bde8f9f9f8e7c77.png,/@<kf@
4fcb7359faba9f74bf3c478445d3d3d76c944627.png,_/$
4fef7985719d458a7788ecd3ff3c2a936610c811.png,::
4ff31472cb6dde13d3c982c00569688c6302e2a3.png,&dh!
5000b292cea2783baeb58baa88cb9ca036522372.png,m?b
502a1e848b1f232661eeebafb84ddf07e6a287f6.png,-%)&
505558114660a6ddac9428b3cde1e5b380508043.png,%j=@:
509aa435c7819f1ccf0c8a697df8edf8599e3f29.png,d+b!gg
50e3754746909d8a692c2cbb899e5d08c0e7720a.png,_<<
5142af1f7f29467c3cb2cb23ba21adec0e8cf595.png,k++i:
516c924f23558d3cbd6b248867cd9bc38716faf1.png,g][>i>
517621f66e5abb9bd80785e4162f4afba531f134.png,-<
52135747fbdcd124ff15df5bf2f5718da26681c5.png,-=__
5227d16069d8c3e288c76a0b38e229fbfe19c7cb.png,&ak
522c72375870d9d6395c16850c6b36a38d8d7b6d.png,ac/jhm
525d84c395cce833bf8f59b6fad2771c2213fb41.png,ga/_
52785571308f4a4f359f78fc28a24ce39d7fdbe6.png,lo+b/h
52a384badb018816fb2ddc09739b7a4f0b4fb9c3.png,(l_^
53808906b2165201db411f604f352b03ed38abf3.png,$_@@ni
53e376a97b4f0c507fbecc06fd86f769a50be7f8.png,/-)
53f1ffb1227ecefbe50b9a57b95bd67a8dec8031.png,[c@=g[
54111aace72f74d5cc1801f8eb415a36b96b9565.png,g_#g
542b7d7c04245241db53b0f722516c6b6e8be03a.png,-_k
54dfede588be68a29eee9e90b33bde3aba1b18c4.png,ag
54f4a326631b5f2c245a7f145c8d78f823bc0b94.png,-ei?
550d4e15b85d53119a6fb9694fcc0e4d40834119.png,$$[
5563c58b1cd356c9677c90fb2edaccfa8f953deb.png,b)a=
559cc838d9dc2b70c964433ebf25224416535757.png,_-g&&#
55b4de8e425af0f33f9f5fd06c450c1673fdd7cc.png,&::/
55c0954f177ba9560df1c1297e8c5a6045151ec9.png,a_e/k&
55ce355e9060a02c8247eb331b49f64ab513f7c0.png,->n-
55d61a4e8324715a1802fbda7ebf027079106687.png,^^!=>
560d832a6b17028fbea1fd0ce27bf5dbd760b442.png,(=
560d8b05a28f925c5af0ad29ef23b8aad9f996f4.png,?&b>-c
5636d751fb457ad437b9f73b60ee37fd6e701946.png,dbko%<
56eac56277fd9d9cb9fae1ae61fd103a5ce1b3af.png,=bn
573cc1b3ff0f76cb4288cdc79cefab93d5c70025.png,&-?gij
577b9d57e0b5422fff387c91c9681f35205050b1.png,%
57990d9e8b0ea34d61dde56218808216877e9dd2.png,bm__c&
57ba3cb37e97b3adc56ced660771d279b83bd54c.png,n!**<
57e05b903d7a7c2534cb311b670d4b76d3bdc121.png,ek(!*m
58385d25720cbc538d638ddb41cba5b2bd264a4b.png,=kh
58dc52a5dcc5e1873d3780a89eced3a378393e86.png,_hf*
59d68d745ea3b736adfa22726117230f4a9f2019.png,f
5a385a3c0e81840afd3518305f0b7137646f59a3.png,lggnnn
5a45031edd318428c295dfc1980c7cf901344266.png,(
5a5314946ebf765600a0f6af261abf8c0c726d12.png,i__<
5a9271dfdcce2bb147d7acce63ef03b4031dbfd5.png,b:k
5b02ce2a8649595e0f3678e84e18fef42d834784.png,ab>
5b1675490494fa071264924ad78627e6e51219e2.png,b
5b4d630c3093f7b7ada540d706ab6fb3c03c8d18.png,ff__
5bbd19364707150a2307af77c35f20fac1c2d0d3.png,!@nn
5c17db871d7667951440cee558ec2e31205c1953.png,k
5c5cd652ed4b1d8f133e85533074802b37624319.png,f%<>!@
5c83a58addc0013c39b48e40a4b57ef255104a52.png,d[[/
5c93ef38fb547868fc73d56811bca9d2cdaff493.png,n$j*/%
5d41e9a11637c0c325258ff06c2ba0fda0488ed2.png,im-j/o
5d6347fabd277a4dfe80d9e302dedb68513322c8.png,]$-
5daccf57862193ec2f77f8b3acdda4efb6c17f8b.png,-o?_b
5e74ca74d1252d52067aae022f7e8be27c1d8379.png,)&
5ec351f6da940ca477db2591fe9e29a4e1760321.png,<ff^i
5ee82e3e21021bb3f73825618a21d483c785f70e.png,a[>&b>
5f108ca82e34e77488def91135aebeb340eb0958.png,d::+c
5fb3fcf563ba75f751c6c553b5d7199faf3edf2a.png,)=n
5fc0320ab6b22a04641fd0cb9a872f948587eae5.png,$a
6024c31f0a6ef16e69a0481425d860895b0840fc.png,m%
6031c4ef7baf3f29ab761b60ca08c97490574668.png,f%d
60357b68b27c0cee3926ff6b0fd2941aa65b6e4d.png,_!
609cd2003a70f255f3f5342f555e2644fa49c145.png,!h!%
60b1ec5b5bde16dbf8d427fe39594355f787f0da.png,m&h>-$
60ca3c27fd34c743162beb21fd0a7e050ecb0658.png,/g^^:!
60d8bf59ad5c509de2966af956ce2d27b0dfe874.png,<c%b
61103c6d9266e8a5a1dd4deb39190fbe6840279a.png,>>ka_k
61255fe23be708b7bd9b9c13e694da12bf9b5f5e.png,-:
6180136d155b18bed6ccbe55aa22bbb69d9a416f.png,:
61ef630ad5f9c040ec4c50fd8b9eabb963377d8c.png,]ki/k]
6216f69990b9bfba30127d70bf8682dff53857e7.png,n&]l
62283bbba0720ac2aa42cfbdb9efb90a83408daa.png,>:$f
6273ba94464529bb0683a12da05055fb5f3f1abb.png,c+
62d1e91084f7c4723e8bd48148fb1aaf6c96f31e.png,?<%><b
62f1796d30ab9a5c6e5e733d515a7af57fbe0739.png,??b@g
62f423509ef345c928504ada0e5aa14b6895ec9d.png,]jj?
6310eea81cb126fa3329c26cddcc814275a94c75.png,>*>)
6324d23f54d55e13ab4ec3c33f8aeeaebd52ca6b.png,b$g_
635f93c5b63252169ac2c213aae283eafb9ebe95.png,(&dm
6390ec5a0ebe02691cbf15b27a0f79a47babe72b.png,[@$$f
63b8ddde390471694eb98fb6fe78e31b9ef36070.png,@_)
63f5c557f5d8ef714d80eff58912a5bf836bbddf.png,%+m&
644fce78abc9cddc1d54fcddb1de46447394d9b2.png,+k
6454f46b6d364f80ee5087979a392544d2117eb0.png,><
6462ea94a431f0fcbba3e9d62914b94174e76389.png,^-^
64986e1672ff62384e83491fe172a7645f05d0e1.png,//g
64a709e5f4d546a90a944465560a82f2de7222dc.png,ljbc)*
64cd524f6817fd3a796b084f6f2a895235af6664.png,/&::&d
64e3d0e5d72c58041f499925ffa355e37b7a6116.png,>>
650f04984e9772de85f5b01cd1fe3f3cedeebf80.png,-<cc@
65562883c73e3dab7ed720351e7acd1983612a11.png,$$@
6595a7bb869a1710916740668178f93667d18690.png,a=nnam
65d0811dbdf163d8e1cb7265eeb295998d9b696c.png,#)ja$a
65d14f07e387845029c361435510180049d425ac.png,+>>
6609472e1ad3bc000951d57beaa27655022c8314.png,_-b
661f660c876de1010ee576ddb5d53ffd9446dc88.png,d
668d6e6236cdbd35774c454ffb82a0c5b9eb6a5b.png,:>a<+<
6695b9016903c5bcdd811c6e16852aabbe0842ae.png,hm
674c160831023e88a012f1f2201792c627206759.png,#$-%%
6770db65efad24c1b6a07d868d93f949edf28e41.png,l=_-)
678a3b3a2034469f5e852ac7c0a9d4a5203a5a01.png,dfh@f
67acb6bcb24c223d2422e8cbf1fa2a8473cc715a.png,a)a@e+
6835de8e442717de68d583b58f877632cf435cad.png,++
686e9e694086a34bc97771b928564bb39c966eff.png,-
6888e79c9fcce772df3e2ead34ab00f4de07e04d.png,[jjm:h
68ada1459e0d639d408288842000968e74f00bd6.png,cbc+
69c2217789c0d56dc45e9282690c16291cd10768.png,]><
69d76b2c4623210bba641682d12532e31b27ce2c.png,a:
6ab62c797336ac870f26c3c2e77be38ee307d009.png,f_#&
6b71d47ef19d6453aa6e9e7833700850c4fe239b.png,mo
6b80ceebc940a4b5003c85698ba068cd469418f0.png,]*
6bd4220c30c076ff5dadcaa3877990024d495bf5.png,]_
6bdc989f667905f72f673b4f101a0fe46d1759c0.png,#$e]le
6bfb64754016e47c01efc0c569a673f42786ae2b.png,_a
6ca012d9f95e26d67e448a1e8ebe9dee066badb9.png,=-e
6cd79852fe22ee7c34887e73da24ae04ee00ce81.png,b]l&-
6ce1bcc4c45207ac4fc38ed4deb928719933759f.png,^>
6ce945ed2d4fac73119d850f078e78fe45b34f7c.png,-cd=?n
6cf44537dbe7e530927864780a242cbc8a75959f.png,=/-<a^
6d0247d506ec4624a2ff56bd98f96b91bec0a717.png,:!%[f
6d5007d861ae4871854f6de0a271726907746bf5.png,+$$m
6d86dabfea779c5ef96cd7fcbd03d8acf1b73b9d.png,__[
6d9d4ded22249a63ff8a55601930affcee965ba4.png,$o-
6e12e16c3a243e1936321b9127a272b9538bde30.png,+:
6e157d4549544f6d9688c299ebb1918f269ee751.png,/h?_
6e511e3281286526a65a79d04be23525b5157bf5.png,&<a$
6e70c29314a62282a6ac072bc0b6851d2673498f.png,n)%:h(
6ea8460edc1a7a32510dbe73186c9dcc6a8f9b04.png,>a
6eaac2f6349a1bbfc8f7a29cab969504f98b8e8d.png,f=_
6edb6a8a83c3d646c608a271a59876607b5651ec.png,/m
6ef71f5e094dc19e9b68dd237b8f51a6030601e7.png,i)l
7052743838464f940d1b113ca2ff405c51db1142.png,bj_/d
707297a15d9234b37404b8b4529f0c814ca1ffd5.png,!]nnha
70851a479d5c47f6c7fad7e034b572a0fe7935b8.png,o_&<$j
70dd70477c0dd03cde7b2b2948b559cce8bf5064.png,@a$n
70ee9edad20a77f967d26d4df6245fcc3986d2c5.png,k/]-?o
70eef55313acda1bdf12626defbf0f5f0f01e8d2.png,$&n_d]
717fb09b542ca783bd6266eea375fd297c8605db.png,n:&
71ad3e72f06b33e20047bacc2b67da6237616441.png,?n
71c0359a8cab3c83aa97c9a22819edc628837a0d.png,f(
723afb34f77fef26bb903163edf791412dd032a2.png,_#h!*
7278c8b7cda1daa3d849efdbe76c52ab14e25ca8.png,><-
7281fa315ad226c7af4f5c4999ef78603625cd8e.png,mb)
72995eb70b78fe805e5002c1500817a1f9583004.png,o$l[d
73a8e2ef1f754e5389e0fa288bb046a460e34429.png,a]a+=!
745ffb54888fd976b1bbc730570b7c4b93dd0a32.png,]!<<*
74b09f1c74ae66e3c5236d3048cdd1a2f7fc8337.png,j/!
74c7278847fc363fee5c098e472a60cfcf6c1397.png,/k?<
750db2bbefccddc8703acb0e784f8c389d69e63e.png,!?
75137579f0c8e5d8b986247e3d2db8256880038d.png,fe=ffg
753639d783e880878261fcd97b299499cc50c7da.png,g$]#
753cb3761e88a9257771874392adb5a5a45f76c1.png,%k
757b06d428caed306c1e62056bba453f13129ec4.png,#aa[$b
7585303e425552bbfac2aabd30d74a5ece1aaee4.png,b)
7606e8569866ed78099e52a59b8e496523fb824d.png,#%$$==
7691c00195666dcb630a5c99f3fbda41ef961406.png,ib<n:
76e2b627425476562dd02ae1ea164e7a3142b8d8.png,o%^+c
772c66a8cff4575d13e6498adf023ab88c8efd0f.png,-_e
7751508e56dc38f58e5d5f0ba6de23055e1ca70b.png,)+-?
776c9db0ee7e3a0e63bbd66f34dd9bcfd4331cc6.png,d(*)
77715ce531422bd2df65058b982caad958e28e75.png,*gd
7788544f814aff148b5174ce19230f3d0bfcb1d5.png,>/e:%a
77a9d21a47979f79834d9504c83df40bab77d2dc.png,je)_
77f7eb05cb51b8cb80879f9267ae8627a43503b2.png,c-
780d042b6c9ef3ccf5a93428baa4b0c14fbf9217.png,h@g?*]
782f3fea80c99e2847c2d7388f494e1e1e9ed28b.png,]/_c
78d300170c0d1171f1bbd6de57ead32edc790345.png,n*
7959cecb2ed714ef8313bcd430cf8238d3763998.png,]--
798e42c51d82ea2b233c2737baa1abef1b4caeae.png,/-
79d30dfd8d4a51cc4ce0ddfc892492657c998c9b.png,ij$ac:
7a7ace96dfce4fc8f4bf66b1e13e90e67cbaf5b5.png,:f!
7aa78c9659d45d33ff56fc7f9d4aee8123b37fc9.png,f=<nn=
7ad7f308f298d04dc7d487f55bc0ffe438a20823.png,i+=
7b17fc458cc01ab4b1761ad56a4ee8b1da8333d0.png,_>
7b1ada90a525b3dff67925b4d4a36ae99cfcbc35.png,)*
7b2d3ec5884259c5c78b95a98fd058dbd454fa33.png,(n%c!e
7be139bb4177b8542eadbe84a5db68674a284f0a.png,deg>
7c083ba1b6e87df4b2253fd5791bda458b657c7b.png,fj!
7c938f3379d7547f4dfb269f23ffa2bc3fbbdeb5.png,)bi]d#
7d7dd6655945672bae71c5f4ca24b291c84d6f0c.png,k!a]:?
7da3b43351ee865435cf775fee8dc03f511b6a33.png,am-g:-
7dfa09576a406e9ec545fe71498a139bd59861e3.png,nn@
7e138cdde48257813e45173ce1b8778276a9803f.png,$%n]]
7e2102253dd0a21aed1575d43e4a34c42616eb56.png,c==n
7e713bace102e6ddf48a3c824d0984c77d9acedd.png,h
7ef6e4081112497b12d7caee9cdc293a366f1f8d.png,^!>
7f256ad58f836354cd82319b959bf2a3bc507375.png,%$
7fb089df7a6308402a4954b4719784a57e0b0137.png,a(nn
7fcd28fd4170935ddc86d33ac307c692170539d8.png,i/a
8020b84bd5c1def1cf02d96618f4740e46e16227.png,>i_ca/
80e24a0d8b2e8bd4a7f6be9d67f43ba9a17d1997.png,=j<
811bee05f81efa1af05c98432ae0f5f133376042.png,f!!k
81204b7890fe824d70f36998c20bffbd5dcbced6.png,b=$
812617f9f809ce2776eedc3bb8f090513337b93c.png,*(
8158abef8db92faf80c01163da534077ae0366ca.png,fea
81ae859b8918dff576b759f26e400b81bb22f114.png,==_j
824cd5f2845497122eeb249fba9e00ef9b10c436.png,glm_(j
8250dd2a6d2b080311b28c6cf75f9a1bd3140bac.png,@@</_
827e20902090da7771fcf854db2702d75ff79540.png,+=oe:f
8313e7611191d713dd5be9af14c9eb2637e73b28.png,&j?=/f
8340957cedef00ae24b5542292ee6aceeb7ccc55.png,$-]ji
83bac7ab3752b200e219b48452e6ae1ea00e8436.png,==i
83e186ac4700e82aea721794229b7bb8058dcc5e.png,>>?>
844f123a8e955257547e4b4765fb700ecffeee30.png,ne
847c30460d3dd9d7fecff7ea4b7641094aa97bdd.png,j:+>
847e8a9044ac9a3df4e6ef37ff492838d326b6ae.png,-b<<
8480130299345c1e7c4d3198b4b7f161607553ad.png,d)@
84addaf55fe2515c321b4abb019bfd532d2dcdb2.png,n^@<
850ec1a9f10e3cb86057f4c560a5bb9b701709da.png,)/&?
8510a18e8cabbca8644702a162563e7640b054dd.png,-
8519d1c16aac0be5bf6a6cc1d06c73a698f698fb.png,*
851d8dc503a837211aff5b99b99c6040d2924f13.png,%!od
859d5f40011034504cd226f7bd0e4303b654bde5.png,)ee!<
85a17f0ccb6a1d4e03a866f124621e854bdb4064.png,%nnii-
85e823cc79b43deef4a95e1d4acdb2342607084c.png,g=[[jb
866d99e4cea86634ca9a5d016bab38fd444098fd.png,de!l[<
86725d6461d845dad25bf2bf0be5e19a57a4aacf.png,&=kb/
870700ff4043dbd9c554b64c0dc510b47ef36d25.png,l[[$dd
872bc5b7e439b85b9aeb512779496ffc45520c40.png,_^%a_a
878020084d3b7b33fd6c077fe4b401ccebad6095.png,<=a!]l
878f0753b9409bf3f90ab0d192767bc6621ecc59.png,_>)
87b519c4874c34953cdc38d59b63883ff972683f.png,i]g
87ece7a7eb55bfdef763a8db3dc7423e365e04ea.png,//!k
884adf2b383b505d5c3dc0b75ddc0a040bd1f832.png,*b
886a19a1dc8db8835bb844f18a584895c26b9deb.png,<>a_o
88f73824ab36634fb33692c22775dac695d2ea24.png,]>$$j
8932dffe31f24c71a7ce11d221a13fe95204ef2d.png,ldl=
89788478a1b6475ebf3a115e9f633f264de7cb3b.png,_[[n&+
89ac73bd453d8e99f6c1b5dd6521b6b195f4b4c4.png,bkb
89ae8dd59c9211719f1d6144b8d6e9b1ba8759d2.png,ij$b*@
8a07798492d8270da730aeb5b34f85c6f1a6de57.png,eg]@=
8a2f499fa61d3c65d087f3367c09af252a0305c1.png,fmm+
8a5a59d5bfd423ffd8e0530252ed07665958169b.png,h)d=jn
8b33f670b23be084444f048eba38e0c57917a63d.png,=????#
8b485bc3b96d49cf311458e2c2d7ed74ec767dd8.png,)[g
8b5aacf179f1253d3760b5a01fbb6712cc4edfd7.png,?)b--=
8ba8d287827554b4d21d3cde5193c2bea102a475.png,:b[
8bc41261ee0b4022f271f2f2505607bd7b415c28.png,gbmg*a
8c3ef6acdcf1a725ded19ff7c4332ba5b60d84c2.png,/f<-
8c6bd8bb05615238dfabe64a2bc9ab16a88bd560.png,ji
8d308dc807624dddef9c286d06297c13faba1d94.png,>had/k
8d5f95a2d9e5dccd6bba1a5db4f734d5c3dfbc07.png,db
8e8302c23cc2b3a3c618334d2252eb85ecb2492f.png,_>+__
8eb568838a5adb41335547e141b37f8cdc8459b7.png,?i
8ee6f742ce956cdb39b13f1f68658078b7596b9a.png,f/j[]
8efcbe42cc1fbf32ab63b9adfe02511b83b964df.png,@/ied
8f01af2e2a8cbbf2b550b522483a4e692793d50e.png,:nc*h%
8f7d27884029f87f892dd7bef479fa85cd54de43.png,eb
90da5b52b068c6cef0ac382c7dfc5d615878e1e1.png,kkb(
9109de05628b8f05ca342afa3e212e2fb6db912c.png,%e%@-
913e2419ba421060964c346767d02f12c2a59db1.png,-==f>
9175e6053086ba0265b916191bfe7c1f753c3940.png,-$f
91aee8b51bd7b7897f0f3b38723c983037f235b8.png,c>g[^<
91afab773bfdb8976881154682a8a0a0809a7213.png,icf
91cdb170be3fcba433e6233f4e4d194922349408.png,!-!=l^
91d1c87ba2c59e78f73caeee2a74c0d50b26cdcd.png,b)%h
92303d5f6fea7a559c36244a607837c562935d5e.png,)@
926b6116b1fcb42b62a08309d51d5dcc4148f249.png,__
929349ff2c072b20d6a4d2a6ce858cd0f4024ed1.png,i/(ag
92956cf3433a5aea3727310bea7757624aeef0a3.png,/@l/--
92e7b9e7f5f9e97cd801a11e8c2d4fe38af31725.png,f_c
938553128eb73f6b768835bf2464f928b60ab260.png,#^^!ho
93c230f527f9b896ccb3e30bc1d4737b268cd1e2.png,&ccd
94658dd8a3a9fce730ac71170c9dce4463a8a55b.png,$$<>
94c6043346f28a94683476a1ba5a5588eeb428b4.png,d@+#([
94c85c89dc6909e4488911ae89a6268351ad2b91.png,__j>
95346bcf2af6e5bf2d8f57d045345c814c2c7d38.png,nk%%m
95355aea63ce11bf3f4ae7809174c1766d180f41.png,f=a*
9535cdd17f0f5e61d8d8f4ece6064ffacd3d55ee.png,^+[o<
955e03345b78f8775b467d8112e6e223ea3f5c7a.png,^]]#(/
95841f8f8e8a845a33a3575e56c4d35499afea41.png,_"j_
95a5d952f57b2c608d7657cb698bd7a15eca8b39.png,al[a$f
95d958003feb93ba0c86a2c733111534f009f3ce.png,_-[-h
95ef10f4dbb341e03b41c0d982bdb3cce9ae8d4b.png,$<jj@
962769f87448762ac7dd64189a616f59874c9626.png,)^/c
96435c6099244676fdea3dc8feaaa52d6f4572c5.png,?j
973719bb8a07b80db5c771f91d8bb1ad3a9ec39e.png,]nd
9782e56fab91e24233fd0009d56ae8e22cd375f1.png,=a(j-
97e7332d7033aefc76aecfc068e07010ee8af690.png,i+
97e94911b8c696394b3672fa89e45b13c6559ed6.png,[i=l$
984ccbb3b7d6d5776406e45d4245266bdb000250.png,mb-o_o
98f5e8b90ae1d256710455949bf479b0687b953b.png,j>>f
990d31a89dd220e9bffa7d20db0b16a184b5bd1c.png,--$
99977608683eea92a5185318fecf7ab4eb916eb9.png,e_-b
9a404a66f93ede5d6deb0084863a960c6d8e7b94.png,ee<
9a51551ce48f7401e327288c261777afd9ffdbe6.png,e
9a657b0625c6c5baf5377e2803a51811ab84df8a.png,//_*>
9a6dd4e6d85568cfc35faa48c619da9aeb190c3a.png,/#:
9a8e78f3d32ac974056e3cd8f5e5bc14eeee50c1.png,!-][[i
9abe3eb9148288e99be66c840f870c17c37404c3.png,_-+__
9ae417ff1d8d5c990a09e425bdba7e8887740915.png,?e
9ae4f29df128f9e52bf63499a71d1d5b39743800.png,-cc?[
9b11bc156a57506975232b0660601d5b2685abee.png,aa)k
9bab89ba33caf1b2e578c2e2550e3b03cd05ef80.png,#$jh_
9bd366773b3373376c96f675b836f693ef7383e9.png,ca
9c2a4f5bbb300707a08d3d6e7684387cc9a76695.png,b-
9c8ac9f0ccffc076aa329121c2d7c755aff19229.png,=m!_#
9d32035fe6db0385265d6352a54dad8e91a29c6c.png,%%j
9d8477447833e8ca202c66699ca0a924486eb1ef.png,d
9de46ff29f3293994d1b280ff45d3b0bcbd3bce4.png,mmc-
9e1c5c9d96d1e76ad75e5e46346a437aeab0cf30.png,a*$$a&
9e2e6368413b599e6abe0d247887bdb120e247c5.png,[+<?nk
9e356e7cca21a616b3358708711b43dad3847659.png,m=j$$k
9e8f82fcfc0ce6ed15511d7458ba1f8a591ab104.png,e<m-b>
9eb91dde65b7885d357a32d32bb7390217f68dba.png,)c
9ec075ad0e190e8d4c4466b5475233e185251e1b.png,>><</
9ee14fb721e356041dfcc1fca157ac949de9b479.png,%enj?a
9f0b5c08504a810bbcddd42e4ae934ae5075f8e9.png,@@?>
9fb663f0fdf206c63b68e7290140eaa72bddbfcb.png,&_@cn[
9fc97d07997014283334c95ed827f5450d999608.png,[d?]
a04a2ab1748a3c604a589918dfe8e4e7d95c354b.png,@
a058de6898e1763e4bfc8ef77da068c825559d9a.png,=@a%)
a09a16d9221418f9505a1749bb3a4b1fcd644290.png,+/"j&
a0b2efae5395fe124a5e45773010f7201d245cee.png,cd:)c
a103619d8f3e9c78e42fb5b3110638e149da3e2e.png,dd<<<
a1128152a53159f02f8f63a5789e9bf7e3eb8469.png,(^!
a1c86c38b8e171410e90ce4234a91524326ecc4b.png,<fif
a2107b0cc9564a92084a8e7247c9e753b141a460.png,:k
a2202ab9b44b32be3602d7b2727e5f2d9ed20f6c.png,:%+:
a23a1a577767963f2ad1c322a343b69f4f42d1a8.png,!???d
a24aacc7ba9785913791c56effe06969e48f9db8.png,ai</-
a2505f908c3c74085c92eae67bd55e3a7e4ef13e.png,@g
a2f595473b26a63cbf46720722eca7f720576acd.png,_
a2f766ab9c29a53c8a6003f1a254ce0c776e127a.png,m?i
a310ae7cce94ba548a164592653073c185f61dde.png,^mj
a3c021f844b0dfd44e3dd036f1ecbc70970aeaa7.png,^b:%
a3c931ea4849bbf6f553b2e284bd755b111ea052.png,(:=
a3d5a8144d2065aa790c5e5fc2314cbd6312507b.png,d^ica#
a3ecb42fd56a196e7f85186e2a00d18a4b01d812.png,h]^
a4197918ca4d17c7fbd4b3c278f2eb38d32b936f.png,jj]o$
a482d60f768f5b85b5ec3c806534c651ec92ec27.png,$$/c
a49b616223ee1add06ac57fe8128a443df09d03f.png,$ga[i#
a4db69fd4d58c0d980b71f184066fec63150d720.png,^/+b+
a530c7f5625084427302e0c10b9703621399cee9.png,>_[@
a5f171d2c1bfa8d44ebdea618b60a2023a1437f4.png,j/
a6f6916773d6818d4f803bc92817bcfb8292593d.png,fj%&
a6fa1b18bc144e4d1ad629a416bba76967cb82fe.png,)oe
a716dde5f462ad019c423a8b8f8bc1129e34cc1c.png,$*fk
a730445187889545f35d5f6e64a9b6a9d130717c.png,:#$#
a73f4a7197b6d0f52f1d4d1a29191f0f2e6fefb4.png,b:
a7662acdfcfa94e2fb671f9e3054e201aae7125f.png,)-b
a8fb7b5b2dac00bb3a377ca6721f5bbe67ca509f.png,d=<
a910bde501039ab867157be9b10fbbd51812f2f0.png,/__>>+
a9159f8020c58eded0f18c49869fb52ee03a7031.png,nn)
a9172ca393dd4762786cb134d5e7cb97b06adbf5.png,*$_c
a978a57c34a153facb591a91ae6de451b01fd909.png,n[&
a986cc8664f21bfd639473cc9fb594200310bd08.png,k@?b%d
a9f77ace3e1a42ad8faa84e1bec6d611c4e6cb5f.png,-)a>*
aa2778c847e23b2bdb7733208c6f6f7fa8aa90ec.png,a
aa4409173976789a1bb323f5c10645e756ccf842.png,:@ccfg
aa57bd1c22f081a1e7cd8fd8c84b070410d8edd8.png,@*-!=
ab5db09e6a730eccf5c16989220cbf594cb0b42d.png,)
ab74985715b37aed2fd9dc2ffb2b52d8b50ba1db.png,o>[:::
ab825c3dae718ceff7139bd9268b2240e48219b0.png,bff-
aba39d11345fa608419cade0b4b83d58a76b9282.png,<]
abad78ef8ca54b5d84a585af5719d4fc0c888c3e.png,!!/]
ac03895bed5df5f95eb2f127cd2150e237e89027.png,d/e!g
ac4e1626e7dfe9fd49fb4b52a621a4a0add72c2b.png,kb-!j
ac8265aefda46a1ea8c0001f23b585f5eee37173.png,mj%<<
acc02a47a6b4285e8096db30ac63effe05a5e945.png,/_c
ad18dd06e1ccce096cc6756982cf2804937b49de.png,d//#
ad2434f9357048fa6450c357b07cac883c1c20f2.png,c-
adf67212a9ac3ae18c78e551e141df69311708d8.png,l??h/
ae349ed74b8f61e367d0217e30e2bfbb78286cf7.png,ne[:
ae46eab192013d993351f9e19be99989d14031e5.png,b-
ae54f5b4b2db352de0da27485c20d639a3cfa563.png,=fg
aeac72a65101c32fdeb9e6761ae55e40c8d519bc.png,__g>
aebba1e949769af16944e3a3a300b39686d869d2.png,i(e<jc
af12d3ab2fa6310c1c67ada7aadc933b0c76a055.png,<kj[=
afd2e048c2e6707254b86f5f3faef8a47cb71f4e.png,==/%%*
afe3389849f1e2c3965b1c431e21c0e0ce2ba100.png,:ab
b01295131556b4c3875b5a58c42de858a1fd1bd5.png,f*
b073dfc5726decf2f9842b1acfea2477edcad875.png,@o_!@
b0a9c4a64b68e7e7851a0b35f959fa6d9f6ea6a0.png,^>*e
b1098743710d8adf1cb7d06ed61f617279f32243.png,=[)c
b1706dace24d6c75ed911bf2a1fd8a2fa9a360a9.png,&cegc/
b3404143f6be81a9990919c4f55efdf4d9acb11d.png,>^*bll
b3565859938edca22c9f2297e4e10f65663d61a1.png,>>]_-
b368caddedc25373b3bd16eebd816aad393b2432.png,__e[
b373b0d2874cd8f4946234cf0d4bf4b11da3ad6b.png,*j<?
b377693ca0db52bf10661f611a979fcacccc2296.png,/
b37b0924bd0d99ab42e571651f07a8fbbe716f74.png,@@*&&
b40f42fe384e754d3df3af3f0c8c34eb6983546c.png,?/
b42938d3dee6d4e64eda9654a04dbe806f5cac72.png,h(n
b49839b790ab50aaeb3e75eba3d87ed07939bcb7.png,=#%f<]
b51803664bcb7083ca6b3c2f75f91fd2f88df180.png,>b?-
b557cf58a6b98ef0a6fde1441c58cde7d296501a.png,_"/)
b567b5f199a1c63aff82a906c9784c0640d9440e.png,kb_
b5bd65e1bb71014b4747798b273e6647f1678801.png,_
b606f1d9f2ae7d262e7db2951ca1f05cc682fb07.png,kg@ohg
b66a3717d10e6fcc2c8c8edf7fc7cfae3ff9adfb.png,fkfn:i
b6ee35cf1ef98da9a1a3b7fdf95d847ecddedad3.png,==a)
b6f7c85dcf49d901f56daef4aac0f75c909a51f9.png,l/]:?g
b74196078d6cb4c9b7dd0762a1d7a3c89032f2eb.png,b$<=j?
b769f450c6f3b7d3c40b9d4fb62676bb8b4aa63c.png,m+?_f
b796d88cd55fe79e5042c83a44b2e52c50fbfc29.png,!ommeb
b7b72367acea257bfab4e5c7129caec695538ed1.png,mbb
b7e35cb9ba48524cc864b3c401e1a163c49738c7.png,=d
b8216271a0bbac674dce0bc3b2ba8c94afd0e2ad.png,imm%d
b821dbdec956c9ee1f43d5078a915ed09f0e0668.png,jj_#$j
b825be314c65f8f88c2d075eef68ec1ce67e71b8.png,**)
b8333cbd757abc53b461c28edf11745ca6db87f8.png,>?#b<+
b89ed217f9ace0e8674d1c26b3a9b0c0584b53ed.png,?/-))e
b8a32c6bcea1b6f767c2f9cad906f1c0000d0172.png,=kf
b90e650b1cfcb5c0221f30bab4b5271fb6244569.png,??+fg
b9fce1b81dd59d1f570927ed66bd02e096f696be.png,_&e)>d
ba0a3dcb712d9923af28023e7faaae99e199074c.png,><
ba1cbe23d9f5a7f4b0c5613362ad9fec6847d7d4.png,ac
ba1ef73f6a476eb27942e25e145eb41e1c3d95f8.png,]+kl
ba5c6ecfb5ec3643156c3100efdb952221850475.png,?$$mag
baba0fd6dbadec4ad0f2a01b8e0f5d89a57601db.png,-_!=
bac26b8b7650844775f8bea2da40534b3e69caf0.png,/$j_kd
baf5a37230f6205c150bd073ff7e368185b51a50.png,aa+
bb336477f5222aecdd6b7b4b130afdc23e45373b.png,k@
bb5d253a55c57245f4abbf137bde9c95cae32319.png,++_$
bb8f8e8d2b3773fdba639309faf432f1bfa1eedd.png,<n*hj
bbe7446cd7137b80c592ef8e2755aced7b45dd87.png,=/>jjg
bc0111d876b00c07e6d113956e6128fc6faa8bd6.png,]!(
bc89d42e395672347fc2d795635f16bc71607c1a.png,<i:]d
bcc28f896c10f707cd30eb81738e5881dba9f9d4.png,
bdf00781809f1515488ff9e0cd88c15485eefb7b.png,%ojjfm
be9cf512392e1eb053b162e258655c3ac7c34cf6.png,@](((
beaee431967cfb74802072f94952ac2e339a3588.png,a
bedad14784d8d1e92cc2ba04db117f1b9317b1a2.png,@@/
bf104dfe695192b793d88477b4e4c9143956f17f.png,hf&?mn
bf395b5775468c2ec481eef47fe88b7d85e969c3.png,mm-^
bf493224a2782cb2bbd13bbe2524ed4d14324fe9.png,?j
bf5fdf3b442d2a7abd97f587d61f743e5e1478e5.png,/>:-f
bf74b5b6e053326de8928d7f0556a1e0f2644c75.png,n!
bfc88f7981a10ffb0cc1e394b04b6dc4506870e6.png,!ka<
bff94830ea1417fecbd5bc597d9646aa378e1e91.png,%l)
c00395f8eaee6f50f481c1cfec1a601db51f1c81.png,m(&g/
c05b3f3bd3b9954ec769db3cfadcecbfbf7d3506.png,/=--
c06d5c9836b03930cdfdfb165f1dcd83a9eb7e2b.png,=$jh(!
c0ac21932aad311cbcbb13011b1aa3d4f6ec4df7.png,n_gl$
c17c2b0f520d3d2197102f74d21b6551ed799bab.png,c@*+
c181791b241f96476a2c8e91ced8bdb12d59cbb4.png,n@@hjm
c19c953eeb78dfdfccad59c276847a70bf58ccb0.png,_(
c1d76d5a05c904b8af3b7a0d71f45f92dfa85c1c.png,o-fg
c2fe43cd6d15b50f37176db426fd73a6a05d6d4e.png,_[<<f
c3038be8c62c498e490ca79ff42e783ee088d502.png,g!&&#b
c3141bf940b3fe6a00f988527f0d1bb12a482bd7.png,@
c370d03069a8dc7d26335dbd52b6186daa0d71ea.png,jn*&
c3f12277b047e669b771e3ded10858667b922c72.png,hf/$fd
c3fb19ab0306065f05ea6a667c6f7b428c28a60c.png,_e)@@!
c4374e8d139bb39ba038ee172ec24da26128f99b.png,[%<&l%
c4b41f9e953fa2df5ead18c0d7fdc28687b22c42.png,jin:
c4eb8e537fc6845498fb2f1faafaf1bcde0119ef.png,]%-o
c508f8caaf80f22da65d656b96a1ac4cf98366fa.png,ne[gfk
c511b24b2a3f83fb489e780f718745b5539a577c.png,&#&=-
c54b6adc1f389884f7d74945c6350df9ae32d4b6.png,j-"/
c5b1749d4331fc65b44bd8d6b0b5ff938fa54129.png,a
c5e09c34a96a86f7ea1b0e5da58a6170432b11e3.png,f?$e$l
c60b00ce221b0a36f34f75f29629aecb65eef4d1.png,[c
c6b29e28577ac7b1fc2a8f454b1fde4c29fc120a.png,_(--_
c6b91fc91ec1139c75604fb7c1c5ebb4b3cf4618.png,of_!]
c6f171728972d59408c606ecdbcab4c601e20efb.png,](
c76d707c8521eeaa9daa57a51c4320619b370582.png,[_m
c77cff0b9f573ed39aa26471cafd897bae247a74.png,)_
c792e932608c00ca33a5689d0ceab2793d42705f.png,)$$$
c7b3810f6a3f80d3d9c28c91e9277ff4325c84e4.png,f
c85914982045c4c7014aeb9e5c36b95e201c0b5b.png,gmnb/-
c870082eae23be4e4025f82185e10b75d727cb37.png,:g*
c8f4f1bfda9ec40a07c3ab5ce50723cd9bc69545.png,:<=i>>
c94706dce536b952131d56008ef55fdadd2e4553.png,:fd<a
c961b054ed32ffeacc9dcbbf2e60ea60b0a29aeb.png,=-
c99664eb792390246f94e3bf3ee0d00c6eaf0077.png,?$
c9b3ccccc6117832416caf349ecbce7a1500c8f7.png,$(@<
c9f2c91c124d770d81bd2b5f6e1ca8d79899f3b9.png,!):)
ca078a3b75541fcde10af212f8a1ccdec85609b4.png,jja
ca8368e807d09d55fc063262633d6b75d8ab2cfd.png,jh]_
caa03932c0617e5560f91a99b27a2292104d4f5f.png,ndd@
caa21431f323797278e86f58704c0b55f9086126.png,m/+#:
cab6965f093085365fca48d9a5b22a7b0b18c3bd.png,)?
cb1746dfb05963dfb9bf6d27c6922b39fb19cccc.png,@**!
cb92f061dbb831a88ca3c33e7912dd1b7e5e72fc.png,c??>>
cbe491929aaf997b38d3e5d8d86fae388aa14227.png,!c&n>k
cc0571e37c7817918dc9dd6e377dd1217cf5bf09.png,ee
cc6038b34d409bad235a95976aa611c8d18f2de9.png,-
cc80fc41577d8aafa0fa152d5dd44983efeb885f.png,c:i!@-
cc89a9fae69a3642d127d3e5d9a6bec47c985c3f.png,#^$
ccdedbbfecd0663fb95d4546c9ad071b0a12a2c2.png,==
cd1055eefa1956a7e9e0419b0347d55acd094745.png,ac>a%*
cd99f286d59a1d96520d2d3d6d34da05405ee123.png,-<f
cd9b830c47fdcef6437d0022b70c910abe35d79f.png,<cc
ce2c320be57e8e9b91ece19752096d6bffea6cb3.png,??dcc-
ce916f5e8a4c0c1b998c90bc8afd27ba70ef394c.png,ng^
cf7a6e09c2cc9a8b0d1682d225af0e04415afe16.png,%<%!
cfc8c413f3c4796094bab0f9e24c4ed541ee2e19.png,$)
d056b7ede195fe703eedf39a169c516595d8cb90.png,/-
d0cea983da7a4b23d6324ba7faea5126b02e32db.png,jbc+>c
d17c9297ff62ecd30008eaa343d256112f6fe770.png,d<=b)j
d185946e2ee7f4589f7b0f34072c6751f2275a3e.png,hc*b*
d1e4abbd8419255a5c0a3bb9252a8fc7c2e6b942.png,_
d2442f7ac6f80eaaeaecd72619375a14970e2f9d.png,eb
d245d354684f731bebd78f7aaacc6e84d39752e2.png,e*>
d29ce22862090a78d27e04e978ce18cbd582ce29.png,!ebi)d
d2d4e168aa875be064784ea3f7c614bd86755aa1.png,<<%j
d2df65d437f8f7e641b05d8836febf219b905fa1.png,ak[
d2f901a8279945a618a2f4df8e88e2f8b3a9e8ba.png,/(kk$c
d2f935a8665a143b6ac7f061bf06ba17c0091fdd.png,#/^j
d351cba53a31545a5df672b56d10a9ae63f72041.png,c*mhhj
d37329ce77a2cd274ec8a10b34c7b15f6a5f3441.png,caa@n[
d397d6bf4dfb5c427f4cde162a858745e5f0fbfe.png,j>c
d3aa26755dcbb352e2363d87c3c0e3dea86c2e20.png,:f>
d41bcafdf514217649ffb0f855d716d55c96ab65.png,=
d4bbf743463b09f893bdf2970537b4adfe001f15.png,&c!(lh
d4c06e878a0182d2033e47c8e640352b32a153ea.png,ba+
d502f98dcd2731a3a4e78354a4a01dc976e1d8a7.png,+?_*
d52be9bc9548f623b2904657785b9b6e0b04e358.png,$@ii$/
d52e85bd0b339305d2b79a305c1fd294febaabb1.png,@!<jg
d564a24a51884d3e09372687d1d163303097090d.png,>->
d6369197092e584329c5b380e5ed29e6c0c2a581.png,eb
d64ec2b7bc5d885973a6f2dde2232c7918d0871e.png,d[if(
d665b7accce93fe94ea4b86c1c8fe4e0067c3236.png,=
d6d00df56cf8fcdfa1368891d6f94ce9e223079d.png,n_
d783e6f31eb09fa8bbec2e33ecf855b0d37dc55d.png,a*b
d7d9697874df717a5c67aabed8abddd4cb97343f.png,]_
d8031445b5c6c7eb1da9dfe55cda4cafa803e067.png,<hjf
d810dac6fa37ca87f0f44f44cec50ec7a80d8b44.png,)</di
d87ad44e2838a31ff951e0256fc10cf4e778aacd.png,$!
d8ba8473b55b2787959ee56a428ff4bc6cc12fef.png,ni
d97e827ff3bccc3b3cd7592fb3ba5f942e75d822.png,])
d9f204ad254b6f3c1364074a21fc1a3b92687f89.png,of?
da0c3fced210121698e1a89921ecc6bf5f385094.png,#=
da23547787dac7073282e19efadfd18d2f9963a4.png,@>*
da6b4dc63b5aa204b41f229ba4ef2b730af632da.png,c>%:
daa0859a2e0f7bc90df4e70020b430d6f6544846.png,b?@b
dab5f14577d8fac5ac909a0454546a829f16a5e7.png,)>
dacb5691a097cede3e450089db970b026f11c37e.png,>]@+
dad6b05c63d03d3f235da578ae46301dd0179c03.png,/hi=
db0d5248906c106bb2e19db3f0756dca154b65a5.png,(??/+k
db4c016b8cb3987da4fea29289f4a719674891d7.png,?
dbec65d2a8942e34e9bfefcf46c0e08a4cff8e3e.png,mbj)%d
dbef2b73eee32434fced58d9e7c6f08b87ee7a6c.png,?__
dc2a9a1072439140fb562299f4ccf8c49efc494f.png,i
dc3f69352593932c3800b4f6b20524f5107823bd.png,[[[
dc4f43914c73180a1761d876517938203e7f96af.png,_=
dcd577e110278e49efaab32ff7d77a5170cee2f2.png,-</$-
dceee49b0d601b71daf8af989457a1f149dcc99f.png,#bb
dcf6ce997932624fa8446972f91c93845325e3d9.png,/_[$
dd3154dd161beae5e3a77b3afa1bc4cc5fdc939d.png,)d
dd5731170f06d1b20171ed4ec1f5567ce7115342.png,h-b^
dd8039da2a3fd8e99fe736903dfd4bf41f3eff1d.png,<ha=fb
dd88ec15edc988606bd91f456d252e41609c07b0.png,)-d
de32db85b128173f78d01f217ed9f36fc16ab4c5.png,<--f
dec2c74e74b5a834d4b2137fcb33da114be9553e.png,$leemm
dedf9c212d2a20f9e0e5190995dcc64c17d4ca37.png,_g
df0dc2d76f6c3cc584f54a6756adf90252a87d27.png,=f
dfa1c8eb472fdc3ab88ee353291bbafcdf2a9e0d.png,g<
e0efcbe7c4ffb3d39de9a232ebb18286f23b2a75.png,#>h
e18ce785271b8e519408b79ea067b534e742bc58.png,c
e1aca1420b0b43a1161b136c27a46b00695d231d.png,<"
e1afe2aa8d789aa45760da0c1b08b98c9fd9038b.png,-ff
e21498d4e3f12df3889faec6ee56a154590d0efa.png,%<<%$
e22e849be3ab37ab378d1ade9b4964a5edf7c6b0.png,/>bh
e2734bca94b290d18edaf5d33875e849fbad0b31.png,j
e2af874b655ad35eecd71b27d0737bc8c6d6c12d.png,$
e2ceffa56ac4565c03911e0e24dbc3b412fca00c.png,b/?<
e3a11681a60bd83f2176a4756c951469bb3406fd.png,i]&*^%
e3d06ef35e56cffd423311f4d10b18a8ce3eddab.png,acc#j
e3ed3f9fb9655ca8b6ab54c787be9f22b506e8e1.png,*/hb(+
e3fc3528a8a43e551998a6fed61c0888cbfd6a18.png,m#ag)
e418a67e18309ebcfd4641c8b6104c0ec3c34ca4.png,l&g)f
e446fd065ae09529a6e2c0795792221abe6a0ab6.png,=jb<
e464b0036f16fe0326a9685cba354cb85d94f335.png,i=bh*%
e47dbac1ccc63839ed566294a37b052aa0e10551.png,?n=_
e4c5b8b97c2497415cba59ca75ba779f08718563.png,c*h
e52e20e4256b55f0b1b00e84b8858c2367385945.png,_[*
e531aaedf872780b930185548d7a98af47287f5f.png,ad
e54067c594a6f9e578ad64514ed22df7a0ca350f.png,==
e544ccc75e6dd45d6c83b3e78b88282dd510e066.png,&m^hak
e55c3d390630104594e2d07259933251c466e8dc.png,b_&_<
e63fc89470b7d8e1ad1ec1013ba6358136eca9d1.png,[%c[h/
e649f1161e282ad20839f98d095284948f24b1a2.png,[
e6cf4f4e9b687ab2608848a324a90265faea9cc6.png,)dg<!
e6cf824f3dca3f4e77fe52dee0822f178faea2ad.png,@/e_
e79b98c309aff66a8cc74b73ed1724510316f26e.png,+]
e7a1a984d518cf15e6c35c05f7b774ff8e75bee5.png,*
e7c050f399fd9aa5186476e081c7299ee7122fc0.png,hn/f
e7ee7941eecda1a949f4cd59239d1bb6eb48399b.png,/"+
e87626fa2f61329bace42e4cb2ff61f7a9f4f09a.png,g_bc#!
e87f2022c19248021d55c358e6c578bfda946b5f.png,bj
e8e93b656be434cc5bf50e056a5d7850554ce6e2.png,camm>e
e8f5a7fb180218a4d35026770f30417538fa4504.png,n=d
e942d67b38f2e1629f7656350b98270c8a40046f.png,@:]=f+
e97b6537fa45e98b6fee70898b584d454ded24a8.png,gkc[%
e986629c110e660a3c5f81796401bbcd1abb5885.png,-(a
e99be5dfe5b62e93f6f8e40c46b564fb08523920.png,>aml
e9cc53504e6a27b87293e60a1ffbee606a289a7c.png,cf)*:>
ea09ea06515857ec855ac8320dd6714c1c65d078.png,_-a
ea1f6aef6493c1a3a98cd942d3b679822d52abef.png,(-_j
ea28f6c9fe12153d2a21696b8bc3bc374573ddbd.png,ni#in?
ea2f9becf8c5ffc3f9a22c4e59fc96fd9c8d5b5d.png,++ek@
ea50d5f3a8097e927272334539ab2b6f511dd1e7.png,d&
ea5361262e0060a37b363794fc62ce1c7a6c92bb.png,<<!!b^
eab4f52a222eb2bf94a647009304607e7cd1a716.png,fknf?
eb0078b16bb6b6c9a65516c724852e5bff90ffa9.png,_ed_
eb3c091499f66685ca8f8cb305510be867ccec9d.png,+//
eb8f78c54c4531eb222f7ed75ad5730ec2df54dc.png,/[
eb92e161c05127885fe2f35a179931559d052afa.png,//*==
ec581081e2b762d50fc61bfebcbe7241d1ec2499.png,l&k</(
ec9403e4a857b79ffa428ab7a1cc3485ec3ed5ec.png,:=%
ec956d285841ae565056ea4434fcea76837811e9.png,[loo!k
eca4c919f78f371dec9168f13e18df3a1b7733ce.png,[)*
ecafee266953a7a76d42dbd215ba1f9db75b5267.png,#m_
ed4376fb516a2d6b93dd20a6084c5e23d1afb9dd.png,_
ed52f7f27e0006ac6bf3445d1d0a154f49d11bf5.png,/?b-
ed5ff62521233bd5d03ffc36bbe2542ab2c10606.png,[(!=m
ed88608e4906d7db8823c36a90efc6548b6c3733.png,
ed8b352a3b765d351eadc308bc0a2a17128ba691.png,c^/=+
ed9a1c6c8c3bfd087ddb134556f3c6908b9693af.png,=f:g](
eda86e7d9602423f31afab51aff8261b6551c72d.png,njg*
edbbc955c864398b62f0298fb1f0f7945d17c29b.png,!jjo
ee4ade0db5b79713a1dccad7ac24e267d6bb2ac5.png,=j
eed3f221e389b488a903b31a44b06eac02a62ef6.png,cjk
ef67f6a7f609bd89e6e11dc58ee7a65a7a8ee4ed.png,j
efbbb6d613900e81942717b695bdd04e803de6fd.png,ba!i^]
f0b410d1244a1b002d67193b9e83c30e6fd9587d.png,??^
f0ced8276cc0f1a0678e683b9fcc28492065fe89.png,==-_
f116a4a95d7e742e97cf27a111c120efefb07e8f.png,ed
f134bd05872f149073feae0191f8fc66b85f65b4.png,%j@o
f19925d5b72028001c8ab01973ed002a0194f40f.png,de
f2dbd0ef3dd2a81d2b18b8d76cf995d206e76575.png,(
f2ea165a05068ab38c7e9ac2bdbfb9fee1d80805.png,/*@$k=
f337b08276595806a2a302cf2a698e21940448c3.png,*((&!!
f35f94ccce6f5b31552d6b4bb11eeba3766b3713.png,j][nm_
f3a168d38f35cd75dd791b025f738710b58c413f.png,?ai#@h
f3a9f3de7e27d4c101b9d91d0e8b3e468122c1aa.png,=hhe*]
f3bbfe159ba8f8cc71c1303fdc70acd93ae195f1.png,nd>>
f3e23f2fd08bd65dca1feed17ddf64d0dcfb1e46.png,-@@m
f3e5cc8b6f6cac17e0e513ad4b4c4e9f17557415.png,n?e!!
f40af722ac219ad3b37c18f63e224674f2f486cd.png,-@g*
f4179cc86e73676faadf74c6f5b5c53b05355ca6.png,/n^i)i
f41ecff0ffb78aa5f96e372e1b77aeaa0a2e2ce3.png,=[
f467cd31a744208c9b0203e394d5867d026adb67.png,j-_!
f4a8ec819709b56c7a30dcc366cbd82de7f25ac3.png,co]]m-
f4c687b9bd1da19926fccca1663a1353a356894e.png,i<l)&i
f559b90c55bcf5f0fc005435dbc7493ea9296b89.png,-_c*[
f55f5f275aafc988053c395347692f9423182251.png,dee>a*
f571f9d7e9108e2a588a367f31c5e97d19bf7685.png,(>((
f586660c551c9065f77a8e9617dda1aa6522f38c.png,ba_o?
f63f68d4f153cd3f3ab2ee6f9bf75915414118cc.png,?$<=/-
f6adb524925c3b8e213181a754361f68f0c57a99.png,ah_(ge
f6ebe6089002df997aa7914a3eb8ce7f7c79cba5.png,]_j-
f712d9b26525d4d3adaae8b9670390a3f55c58b9.png,%gl#!f
f7d6403949e0a89127aed0fd112e50ac45ab18d3.png,!>j%e
f83b51d5e6f3d65d0820044809e5a6ba3a6b5cd6.png,j*jb@c
f8933d1f4e5926949876739ddabfeaf4ef189d69.png,]e
f8c2b5f807135816c313e5fc875eeb63107d9445.png,mf/!!
f8fa068029ef69c4dd7a50fa5f5de77ea2b0b949.png,(:l
f94d5fb85b822890f24c3343ad537baeeb36d6ee.png,aa>
f9b3eba09d290a2ac5cfb6b9c5110e2322fedafe.png,@m):+
f9ed64637d6ecb6e43b92a800b4caa50b1ab1cc9.png,n
fa033ee1b7921113836687cc08bca4c8be5743d6.png,<nd-lm
fae9b7d354da80f55bf333016e02b783f4489cf5.png,&:b>
faff39d58f128ee9f4a4bb3af9f5288d81c0befc.png,e+@c-
fb01446181e0392467814bf57695439c01dc41fd.png,!mmm-j
fbeb85bd635c4a87ea9798dd24476770c7b93120.png,n_a
fbf0fdf4b9e9beead1a838a6d67a921d31225cea.png,>]
fc002d47eba4ef16a6905b624c7c73bb7faff2e9.png,/!]:-f
fc2f6702b2938c9b66d61d650d1ab4391c34959c.png,n_$?og
fc606d4742ca8589cb776ecf12fd676e1e2ce210.png,*g/
fc69410d72744070f648e98de13be33f471a86b5.png,&
fc93b797f73eaced70edf5c3da85097d6c3e497d.png,:&&[
fd32c722b0f5d609b142299dfaa5da793f43cad7.png,]
fda55d83c8acdc897449fdd614703573f17bd62f.png,%(_
fda62a7495ac211f12debd2bed61cf3a8b214f24.png,l()
fe52ba5be6e79276234ba627862d6221c0f44dd2.png,>+=
fe76494962e462d075458b0b60dd52759724e70e.png,>>_j
feb87c6d10a280e11bd8d941d469baa963885845.png,(<*
feb8cb8e91dd01e2827cde81173e173d700771bf.png,/>h
fed7a1acab956292cca60efa0f8e7bbf3054f914.png,fj##
ff405dc545a19987a3b4ab5ff934e007b3cb7e56.png,%$$
ff6c62725e26a926012184142aa841a7ef222b3b.png,a>
ff7879ed1202e4b5b52b838b8d0a8c186edd86e8.png,f/++m
ff96784fd5844210771390e5c5a8242010796b87.png,?h
ffa122b2f8c66c41025b7cc0d0ec18f4ad3a35da.png,k=>b
ffc16fe110635fa6c9ee2d0034796c2e8f86de75.png,::/-
fff78980d2b4cd2bb0ab3907f2d80881ce91039a.png,#<fb
