001b20cd3026eefce364641747c1e73a01109bd4.png,i)xppv
00b955ff8b860af2bffe6919412a3b6772bf71ef.png,?/!z
00f86f900b0b326436a86fa6aeae6330b200ede9.png,)?t
00fdcf604d7f8a99208317e64bae3f1d17024a87.png,$=
0133ae06383c365957eb05600d5e30c385bfe316.png,!xzzg^
01424defe3fb8da923b0a3ee2e6c3edce28ad54e.png,i<=
016a3c5700bdd9fb41a3c0c7f9fbdf513d2def35.png,&?a$~a
0182c081235f0bd997b4baa9d5daf571db6ca41b.png,x<
01e026648e1ebc94a18472f68499f626fbbc83ec.png,=**
0252864972b19fb8d138afeeb290b48bbb82ce78.png,ll<
02be14671f4b72bf38013e9914d84fbc6d182c2c.png,:g
02f10e809dee3bdb14f7dfccda090433ea2c7cf7.png,)t__z~
032aa4f757767069129717bf7cf57deaa791309c.png,ng]n(
03345a81c89bed6046342dd5c6a6c8d9480d003d.png,at]zz#
03b47f36ca24bc79d0aaacce8c0d1552538c2911.png,iae~zx
040332d018d72a148e35f40251dc9bc246897a4a.png,#]!-g*
04a7348bf69a00bb4e4549483aa5064ef1b1fd67.png,((aa
0501b707295abc77cee23fc9ed658aff5eb2edb8.png,$r:*#
051c9a918faa1a107fd176ee14f8ac8a24642ddc.png,*/
0592d0e77aa08bb211d4c1c1fef0fa7ceabb3172.png,l<
05aae90cdecfc4322e5722ccae61bb8e676c03ed.png,<g
05d0ef101d2381a3af42a1f65dae7d921f63167c.png,j
06632461c0c84c38e1f885f557dcc6d88be0b58b.png,))**
072b57691bbf9ff0d985a089884addce9efc756b.png,r-/_-
0738d7875758cb1da6f3218f3f5ee7d327978fd6.png,/%)
07b21270608ac81f7a3c1917628f04cd220c3516.png,*=@
07dbb4cd2fc9c1234da5805c48a26e04d0acffab.png,jj
080034bfc5bcc9269f9116e53e37cd3402f3a231.png,<(
081921656036dbe6f3a0850a1ed8de20953636ac.png,x-r_%
08bcd8f56cadc5067d891d13a6aa583c939708a4.png,%a_jv
090c7fb19a291d8e584855fe5f5e4ab5eeb2caf8.png,]:
09635f99de8d8cc25ab8c2a7031903c07185ff82.png,+
09864de7e66f5ef8122e4d0c7caa957c0bf5ec89.png,%gp>%
09bc830428ff1ff598c73caca56d883337493f56.png,g*
0a04c972118fe0c706d76085e69ec9357a8396d5.png,g
0a306160365a01d568b60350907c6ab110535b24.png,ig
0a360847f7d2946a9c0807cdc4e543dd549c9a5c.png,++@"c
0a6c5717b4a26c7e1cf7a6bbe5b15779011a41d0.png,#g
0a9114046a235ba6fac7b76bea9a20d1c25a6b3f.png,v$lr=(
0ab6ef92e460fb0d1af63337511f2958e5a50ea9.png,vr
0b1bd0e0b47cae1107d74b4df2d487ff31be56bd.png,~~_%%*
0b3e475d644934d32c140588dddfef2deebb9f83.png,::/->
0b487c2b183f53ac5fd370468ebc1a509d1c9625.png,[xp&&p
0b7f39c357fa952cb590b30577b88ee24c8b4711.png,j
0ba3ee889b7689e98a1822ebf44be1cbad724e69.png,_*z(zn
0bc80da5d102604a3dcb4bd26c04775ec9e69d1d.png,ii/
0bd6df388c8777477132abf6e8514c04ab24def5.png,%]ai~)
0c10014dcc189ee47b2e273d0899942c5f38dc7a.png,!gg#]
0c17f47919274652a397659b611d5afa4547e17f.png,~>%n@g
0c4eb9f6642e77a41db822d91c2ca4b8476617eb.png,--=:
0c6edd1bf1ee55945fb0c88675e35030a64ca6c7.png,^
0c87ec839a662e6ca1cc8d38ddd2e7d8fa49d801.png,cpa/r
0cba09b940d88b7966a03b962dafbf127fd2e110.png,[(c@
0cec997cc0b1207f9536344eee743e3035c810c1.png,/-
0dcf45c0986f6f7d99aeba9ccf53dd206769103d.png,_[er
0e05b475d0ed0fab54d5aec71ddc375f9c81df31.png,%ccx]
0e2b3841ad0a48902287a782aebd16e155f97209.png,=>-]?<
0ed984ef57910280d59ab064f1faa20209135364.png,-)gt=]
0ee9ac8f627d56a0fbf9df381fc4cb2bb9035213.png,&[ecc@
0f0df48a7fc17bb0fa728691e8c2ec0ecb8c7bcf.png,r+$$p
0f3603aa3a2de163b98ae01b1d61e8447f954810.png,::
0f5d2f51dd0b57a49728721ed500c24be6877756.png,:+
0f608910e6bafcfdf780e728707efb61022219af.png,/
0f88cb0f264490bdec94c502978155439438ecba.png,>/
0fdb7e17b9b3c780dedceee8a7aa52085b3c540c.png,piat~p
1002d6c3d4478efee75c7a2ccfeea6131f0d56eb.png,(g)a
1014c65d3968a6d85cad7b9a2edcdf13bde83b86.png,ii#
10185763b7de0afd028332979e203aa9b3a4064e.png,l<::<
10244a3eeac8c1ce9357fd9bd8602ae18c8be578.png,
102aac385945585e820333399469d4cef76543ca.png,>x)@@
10987da79b99e98ac6b786402f92ba7a91f0a586.png,_-~gc
10bfda838e301f783fb969c3069e6e7a4479303c.png,[:!<<=
10d5aadb88aeefb56191ef3a8983df9254907c9e.png,#/>??
11021cdc9e1b9f4bac5d7d5eb2c328aa17263bde.png,ivgx
111171f22bab5afaedb767b1abaf7b03afa7621a.png,=czev
11381c459b78445e15da499261b2d9c805715685.png,?ee/
113d1659dc428881ca63c39f676a74846170f364.png,r/=:-=
113e6975fbbe5c87e87ab97448806341d144dbe8.png,xjcv
115aff0b030f1c91294983a3ed298b47abe8eaf6.png,j$?%
1184bd1db060691095beafde62f42e144897b594.png,z
119fd83d37576a34b94a68cab0d5c5e3566597fb.png,
11af3f1bf28cc34b5dbbc5d4825975625db1a703.png,j*#
11d6eec54214ce06f5f8393e50f213b97a0423f6.png,!i=[[
11f7571aecf5a03b2a8be419a492bda1635e83e9.png,c_
120553515b7e637b6a4df577766eb8ec87e09dcc.png,!p))v:
1226d18d34a201ed4ac5eb1817e11ec126d41e0a.png,a($c:&
129a8667e5a466a15075fd902cf769a5868053ee.png,/)
12fae93db5fc4a5658a055354e92068dfe0603f6.png,<_
1344b330d8eff5f849bbea04ecff60bb72fbd4f9.png,c:
135187716cd17de1fa694b2954691b2cb1ee0496.png,$[[]
1359f2dbc960dc8cad828b43b3f1732970787244.png,[@p]j
1360d5a11aacc9ab492bf874ee49315bd687842c.png,><
1375f503585ec0cda2d5fdc0c3785d5ed3d6eeb9.png,n?@g=%
13968b76761db915df929c0f79ea785713762f72.png,$@j$x<
13c939987f0b39abe09896228a492d471d15ddcd.png,(q%^"
1403412200f88162978be282571a6c34750823ae.png,_
14086a7a0afd77d29741bd64b2b61c2d4b7706ca.png,)!rrn%
14140a567fc9c98ee1e92cc3c59a4b2517e08121.png,]
141dd20d2f95c650de40f97637160f491d26b537.png,]x$[g
148b24292854c20cfde0de1d000807677b703353.png,?
14a79fe28e69b20d1a01282c7a5c0fa9ba0f25bf.png,*&r?
14c2d50ebb1d9a57130ae02abe410e014562959a.png,l%ce
14da06c9c13c8f82833438bc28c5d6fb4dceffa6.png,:?
1552b52297053443991420428a48bade37dd4f67.png,
1562e84427ceb5cf30ac738d5d0f31e71e7f9f1d.png,zgze>
156fe74f94444c7ebebbb40638817f15ed2c463c.png,/(//&-
15a29938647b815ec3246290d034fae5846b4078.png,]xepj[
163fd568999c6f951455eb88139fde85b79d3370.png,)=ee_
165b73cc31f8b93404179f2a025e83a7eedfe6f4.png,?c@]?
169ec33c2bb455f7f9d3e3d12b435b0d3c3c6cf6.png,^vga!
16f2cf00635af630b66dce66c517074bed715ee1.png,a]&
17016d08991445da0d88cf42ca93ac7f67184940.png,pgg_ge
178d107c401bebf0b79d16e4412156adb431c091.png,r]]_
17bd76d2277b917edbb00c65068bcb057e733232.png,#((g:l
17ec381e73309a505275421ba5140f28d57782a3.png,=*
18310849c11a4f04e9cc90de075a23cf2a638d96.png,%g$p!
1845476ce87ab0f5e79f8b33ac77eb5190985456.png,x#]*i$
188f53f06d0976a71b6791054ba43fbd2c90a035.png,//
190551cd821905824d949341911856545abb9d15.png,g%%t$
191427f49eea261a565571c95f801f64ffc0cc15.png,p+<<
191c79fa7c59772ae8a0a59e016f4db90f199fed.png,*zn@
193a6d2fb0428b39b670cebc1adbad3e3c44ddd7.png,[_g%e
197cb440428dee7dc73e426fb5089aacdd75a21d.png,<p
198b8d14f82dae62220930f44d20be64765d7652.png,c)><
1a00eb2deffe5b5c666594f92e28ec78bd4c132f.png,%<<e
1a08ec7491056353cf362c5be87289c3785a78ca.png,&!i%
1a2488d3f1c5bd0eb5d52bc855fcbe83996b39a0.png,*z(*
1ac925741adc9ea578b7652f99c5ec8a33233b80.png,!!-
1b19ea9c748f334fda28ca333eae1131908d3f23.png,gc/)
1b37334aa1b29abbabc1792d7170770610f62f57.png,p[c/(
1b3885ef4f6adccdc5e18cc7162727bd376975cc.png,~i((pa
1b47ea99ce68a3999afb7244f826c7a58ccccc82.png,=>[
1b62fe32f2e8c719f4b5f792fb4a637aa262ec53.png,z
1bb13f963c2d3c82e3c1f6f3a87b3f63f55cc42d.png,r>
1bbf5d28c5c0735266bf1d24cc17638089db986c.png,]#>+-
1bc149133a1f360841e4c4eb6aafa8e33d9625a6.png,=
1bd5b3661b05762c2c30c472d15b52a58bdb5d2b.png,!$arvg
1be18eca2e311013ef5cc0da198134670e9172c0.png,-gl!
1c1a9a5702c35ab6b5db8bf0bb12e4e3007f9a1c.png,?t?]]z
1c3939005b6aba46ad28d11555c3575c17edfa48.png,t~~:n$
1c6211995ea04c5ff0a68a6e77c7a4b8c17bb1df.png,ce/]ni
1cc4c0d2d71ed7bea13e060d8c30b24d1ac133af.png,+-z<
1ce9b60fec887a5df2993e0bf4ab3c8a2073ae44.png,e))
1d153a4c74ccf886fa4c7f98e79249f3cb9afea9.png,%x-]+
1db444cdd67823c826739ce3aaabf217f6d5a64d.png,:@j
1dc44f48801546be806567f8534a2e2300c27807.png,_
1de4aafce9426dd4cf9cf0058f6d8cc5e3f54c60.png,)!ii$)
1de7fb2a94c4f9c64157f84c54498bd9ca6f8f03.png,/
1e3349cd7aaf64f1bd7a27d3bed4ca03d5f6d0b5.png,ga
1eea8b4b97f03d6867ddc5671adc06f322fee2a3.png,g*
1ef7f5824e408a41550a3c2c2054b79c3d98835b.png,x!r
1f0c3a19e8f292e21364dad6fe34dfd2f0b89db4.png,/#r*
1f57723e11e5b447ef1b2a2306ea392d4137bd29.png,*_#(
1f8b287156acf9138fc044101d8d59fa82ecb9b5.png,!p
1fe630cffe7f2b893bade2e5397224b0b1ae7b99.png,zvei^
20d0667bbde73b265d11958b2443a39c10135e8c.png,^/<<-
2102dd0ea261963a03ab1f46ceef17189f153146.png,-?
21593c1c2c4fa5a3c13686add41dc23e4ca3c3f7.png,$$
21aa87f7f00bc9f721091569f1d689e0c5617116.png,+
21bbedf75fe6c1e381994c616887b81e90f7ff56.png,>>j<<$
21ea28c30a9b605955e6821822da4a68b588b3cd.png,>
22458812ad5cf6e7e3d0af5a8241c741bbba11ee.png,x-&&a
2276a2b4ecad1cf60db2b6dace503f3a9f6c519b.png,/[=xea
227a8c3519c80c60172093fc453c6dd785ec5acb.png,a&#pj~
22a5194ea61530363cdf693198d6605d42a14248.png,i(--)i
22c8d4bdc8366e517bbd5bbc03d0f9f46b9c8044.png,
22f7a45354905ea2fc675dc2275a102a9eb91f0e.png,>j
238a440754d44c33a268a460583955dd601ac112.png,ar>*
238e180c18503749caa47ed9460f034a24aaa7eb.png,]>>$
23c316d312bb9272a020e1b03c81ed8143b26e25.png,p(!!v&
2413ce576591346d972ac1ab733d65c72d05b334.png,^cc!^n
244072860c11a4fac650c390b4fc51cb1647b67c.png,ct*<$>
2494177d24d8290e3dc553caa089d7798c470383.png,>
249d7bef35a7008db084be2222a41e5ac975489d.png,*xa[
249f3f17e8aa269ab27f2678b318dda35da99f9f.png,[>=#
24a9794e8c8ce4abbe73b0aaa46021e298acde1c.png,<!)_
24d581220ba4a403b695da9224c5476b35e19af1.png,
24de52e59553dae54c03e87691cf4ea2d6e40215.png,/>
24fc33135ff8e904814887e4bdad60c23a51a62f.png,)>
2549fce1e88aff998e103d99b780864c273dc3e5.png,x>x&&=
259fd098aecfea7986631329dbdb480dbed2996c.png,:r</e
25bfd3e095534eacbe9f47c233174981061bdff1.png,
25f2d1db815ccf2c8f1b89ff61f1927df024222b.png,=++--?
2619e0cd91437cbf7a3b7350cc705ecbb61ad8c1.png,**&]
26427750d83002a1cbdf1c8bb5297a59e1c85961.png,%~~gc]
268119c612273127515151072b9e1d597302acb1.png,/
26ecd0529a951aedd924b6909dc4bef85e8ae601.png,+&
2701f091653e2544b7539d7175b1f0cd604bbf1c.png,]erv)/
270f3784c9459167b2924368480924d8e0536e2a.png,~]!+]
27f1844449d70b5194e9482760a4d5a90458486a.png,lj&l!v
28253e6b167340c9f891efe1aa14634f0213f6ab.png,_-cc
282679dce0a4b5d5604408128e3f3b7cf7128d20.png,a==r]
28758174130111ff6ef2faff5e29de581e107d6e.png,_
28acef5b9866f9600d87f31c00b413cd217a1af7.png,zc>?&e
28e0a6a8184668da1645c41b60ad19c84aaa953a.png,gl
28ef6b305f744e0300e1c1cc135aaca3383b9dba.png,:+=
294e4b7c2af49a1cfd019d1d0c3ac59b850afe98.png,?!!
29a349596864746ae9ee1a185782d25fa4c47a9f.png,]>z
2a14a795c2d9aa6b7623bd6cf3dd7b959ede5ac3.png,c^^nr>
2a32eecb1aee0b8e95e8d984dff1de7ebc29cb17.png,<_l%-n
2a87aaa39556b8e2a8477984c2ae46a031524280.png,tr
2ae1a83f93913b2d2a8f854d89bd86bc6c505da3.png,e%
2afed7492d3bff658cb6878dfc4c0ec2c583a8f5.png,/==r
2bde90235fceae660b5699b16f0b18fed3ebdec5.png,g/c#)^
2c2441938bf93ab5cce58427c6c32b2c5b351013.png,l/pc/
2c53c1a2fd08473b71d61ceb770b0ae27b7c211f.png,i*
2ce2c8c5be42969ba31ff522e5f80760ff21e1d3.png,:&%xx+
2d09067aeb6269177d13702a3f66ab115d9f9a51.png,l#z=p&
2d2a5e019852fddfcc08907962ce0c2c9f61373b.png,[nex
2d3ebf8a95d33705545d67b5e5073eb1cf051995.png,*t%p_g
2d455bddd57258615bed9884d2d6d8311edd9277.png,(a>a
2d4c71558094b736b8d1f10c09ec3cce57518ab6.png,]gg*><
2d56d523acb120168fa8ed3d9bf8c988698540a1.png,%t=(t&
2da8069f4907fb302c8aa4ef5aceee52f2d66744.png,:a
2e09265d531254fe24c9d7fa864083ca73bf51ae.png,--?(
2e1a4b090dc8f39ee5d485252655f66152a6884c.png,el>$j
2e2795bbd5dd9362bdd7617e7158857d092a92cb.png,pg!=:~
2e50a8687476e14f6494f7e65425821dda5a16cb.png,_l_
2e5a1fd34574a9d64173ec07a877b9d92b8ba72a.png,>-^p=z
2e60d2dbe3ae46c1da48dee276ace67a4e5d40ad.png,nn=>*?
2e6ecb204c54dc364f48c795e1a700b1b38d32c5.png,$$$:]&
2e94838fdb848c616ed16ae1cb0a6a6d7a4151ea.png,<]%!~]
2eb05c5fb3749fc81d384f8116077ef34bd325f5.png,/#
2ed2aea7fcc3adbbb391644ad2c49e044dce4908.png,n)pll
2f075703c6462582d1822ce484bb19e254930a61.png,%a$~
2f21a39bb39312ab6a6c71593848c424079f627b.png,?^tt~=
2f56a913baf902e7916bdbae2566799e7f592ae6.png,$
2fbaea802b3c2abb39e7d887b93ad99bef9b7be8.png,)v&xr
301e6f90ee0235f70ff36cd07869e57b090f7175.png,v-~x
302ee2e933be4087d60d8138e5229251da5415ea.png,a/?nn^
3095d48a3fe9460ae44ee581d92fc67507316eb3.png,c~=]/t
30e778f1c7d98d351b8e00f029ea5478417bc8d0.png,&/
315492275c2ce790df8e8ddce67b3d73bea4d013.png,r*rn
31937bcf2c82bdeb62eb20ddd1e33762e57e5383.png,*$>~#:
326519a6f9944a39464ce934451563bc5095f4bd.png,ptnmm
32aab43bbd9a99a64d8a7233be9c628ce9c4612c.png,$%_:/
32e6b93ed481bb4a033472ac8ce3752bf6772625.png,c:+l$*
339c5e31db2db7d8579549ab2f28412631cfc944.png,
33f486914298d87403478b02ba960dfa9c43724d.png,iv#
341006fc26c33eefaae3bb09dd46161330421254.png,rl*z@e
353eef73cd1a643bd4ae73d1bbb6fd7401f1db8f.png,^lc!!
35496666e276087919280f043bd5eec45b2dc4f5.png,z&
354e31d7fedd873a2a144ebd0e5640714ed90d9c.png,=!-a>
3553493effc901820c30662aa67022c716fed744.png,-
35a680e377f595f95829f6e494f5af10f4a09b70.png,t-=
35ff08bb8c7b8a7e01dd6649376f9ad4123d1246.png,*e-tt
3658bab5a548312fc676a4fbd1e762eff5f20556.png,/+:p*)
36c5a3511cdaf90072ae730802269b7ad2ecfa67.png,x@i:!
36ce5870a7f98890c09abeb963eaebf4d718215c.png,/]
37144bac7fd2c15e29c802c6f7ba69980412e4c3.png,)a@@r#
37185a801d257ceccaf4152675bfb062fda03177.png,np@~p+
381f58f21619b0821ee10290e0084c6faa388fb8.png,%))-
383a7f71ca2d8648a6e322995ef39e95ee439cfc.png,_
3850a707246b99416753be7eebb949e1afc0f527.png,
38ad4b434f31e1961ffc0a5647f7b4ea8f8b5fb7.png,r-
38b021c51d6d7912dc2c67e85fbf848b928c73e5.png,!i@xz@
38f8f0cac79930697a5c432af636a6fb02194fe3.png,=rr
39d9b793675cc77204b1612bdab6e0f4edf4c41f.png,@jjri
39dfaac2c64b3ada3021e0274101b834d9914bd1.png,g*@+[c
3a4dd842d0d746f3b561d0ca8aefa1dabea94f06.png,vv(r$x
3a4e4f76be5b98ab38a7bac3395f92e1f3a96489.png,=ta
3acaab87048d27df407b686bd6c476824c12013d.png,x[::p[
3b27f9e3fefafa4b5c044086d96c01d279ce6bd3.png,==z
3b64faaa3b85058e297ff84ecfb7fd385c54c16c.png,<
3b8c7f588b02c3f27210df4bed5973b5678aaf49.png,=a-_$
3ba471d47f113e9a850d4216a7a03fec4ef9ffb4.png,j:=
3bdf7dd4332304a4487e8e5664d262649d98fcb3.png,*+r=
3bef8feb3aa93355382146f704b620a9064499b3.png,*
3c0380d112e8285c6dd407114b99122f3abba9f2.png,~cxln
3cb4aeed1ca78d9b3ff867231b1c285082579e83.png,_a&-cj
3cc5e134aa9d109a4a72f96406de78779cc9ef43.png,)t//
3daefdf5dc034c9a4b9d8e509e5a12351ce0e152.png,
3db727071fe6e43002b0115a0450f5d2592aaf11.png,l$n=$g
3e60282dd3f3ab2ad9a18f103a2f2983425ba644.png,it-ln
3eb30300eeea74a15526a705fb685fdc3239b150.png,*]#+
3f3fea2297845eb92525de754605e26dc0f9b7cf.png,ccv))
3f6fa25ce3f116d147086be0b6ed83e5bd7db6fd.png,kj_
3fb647de26db51285c49bfad8951afb3bb7b76c7.png,-"n*
3fc2c156780d8896a8818745fbad358f8cae4615.png,ll]i_z
405a5d01ec0969f10cb52ff3158067ca9423eee2.png,&z*
407afd634a2a6004f0542741e5897bb6847004f3.png,:
409342c64e27390b2eb8b1c3a22820d815f1ccdb.png,
40f0960446f8f30e64b1eccd7c7a594912c1ad52.png,=/[<]*
410fe9c88868f496e1d9fc3a142c8f9c77df880f.png,t^j^a
4129d5312c9cb139e29dc8b7e88a14f901908e96.png,--
413ab2f51321f8ec4e7e393a548d1690c8629fdb.png,/-
414116802f817516d3795cdb6ab15f4cc0bcdfe3.png,!!_==
415de8ecdb2a475825479f4710a3b63411466f48.png,_eel
4175d60bd1d21d12244d0e02496262f0d574cacb.png,%e^:e-
41aa8a072b6ede2839fd75708ee8abd7eb763622.png,*<
41dfb3b1a1d53eb8395df450bd9f4e4a6f5cb7ba.png,+])#xj
41e8e8937d18103b8246d83a4b41ed33dc23a067.png,>_
41eef892fd94c1b4b6f6cf16529605c98b147a2d.png,<_$)ij
4224b5ee2b3fa219589e817e31deeaafd2531869.png,a&##
423ab2b8d28b5c0ed04583435ede1a65f2d2ffce.png,^*cc(-
42ed9d485da63a00efbf59764e1ce9015c2fc604.png,)ll+!!
4319987779a91dffc8d83702ad86a61ff45c584f.png,!
433eb75980fe93c06de3e069fd462ca1021eafda.png,r
4366db7085b4706463308d3f38f061cd3394a7e4.png,-i*
43d99756b1ea5454b6125dc05b977d868622265b.png,]_~
4438df52bc639be46ce854f1cb989c0a965ca597.png,
44ab74429ede2cf4d495763c2a65b4011d34270b.png,x$njj>
44f2d51b58d70fed28086538240ef268c7852f41.png,-
451b902168b3dabb4fa2837bf699225ed13b73ed.png,
4521dddd7c1c42e880ce72895cd903f3aef94762.png,
45dc6c1aec653d2f84c8238c57db57f250f91201.png,_?#
4649e6432ad4d46d4faea0230afdb0175c588e48.png,*==?>&
465c403250d13be953879fe6c6bd984a6e18bc92.png,&~e):~
46e32ddc8a4babc65515787b48544654a4e8e173.png,]>
46f760a3dbdf55a6ab09d5e4732f35f1b3943977.png,-_
4701ad12210e3e3ef1309ce55a68dcdc7b1baf98.png,)!vi$*
475e0982d3107b4dce1d13332e0bac4f7e1309ee.png,)>
478c6e1512c93dcc3ecae9663b38bb0b9bb0bfbb.png,gg
47ad240ed19cea6a240bd7868e19ed1a13092070.png,<:<v&=
47b8cbbaae9d7cce59b45b41682aab7bb41f3345.png,npr]
48142426e4b2b7b47be7e1b7014b3287eb5219a8.png,z&#
48fe1b17331e79f219386e6921f7c795afe28a41.png,
4921751d93035299aec767310780d17369174c30.png,[nn()
4929ca1f8ab9bd03a2b4359ee88f158846908318.png,t(@^
49a324f9334f39231d57f1ca011f39ca439feeb4.png,-/
49b700e7111543ee5da5315dc58d8dfff7d9dc19.png,pp#/
4a23306c750caaa207c584f032db0d039b277bd2.png,r*
4a35dfa5ae6ddcbd9c009b13b85f713d08e9cf6d.png,>+c
4a6e55b880d2be3adb8a91d5f0499ec6add125f1.png,)]v
4abe076cac00efc4f509322aed9bd12b37b89c24.png,*~[=+&
4ac7b80e0fdf3617dec2033efaf81623abd0d1bc.png,-$$?
4af10019c159c84dfad2260baec7f07b6ead283e.png,:][>>^
4b71a2e744f04879ed371d31efbc5dd9426ef269.png,[ri/r!
4b77ff81b7b210206777ed950bc53421aaf185c5.png,vl::^
4b8f32edc8fdca76ef4316469102630c7b0c613b.png,
4c20ff7f1d026019444acdc63ae744c03d531555.png,*!ppl
4c85b1210b7143fbd9c0af85073016e1f3ca3609.png,<
4c8e8c74cedbd850db1ff283f292d72517d03b39.png,-**(
4ccf24cf4296541d480c6856ddb10021080bd77e.png,ia#(#?
4d2a1118d011402db7e139c16ea2e04736305dbd.png,c<-
4db13042774507dbf7849db88c0dc23963f6369f.png,=*
4df5e4e5a836efbf416ac840c461f9123cb57a88.png,jt/
4e09b14ad69370280515fcceba55796bec368387.png,!r
4e713d40f052d0392c6d328ee151acedf9709ebf.png,n!!x@
4e91848420e8061ea7d8e5ffacc5a4e616c6ec99.png,v%>+[n
4f1c63a1c5efe1a702e9906e28d5e200a798c564.png,&_lj<<
4fe8f42d415dc4950a994aedeb84d7593c64f515.png,@@?+/_
500b90aa8a5d28990a39a543f80fb8cd2a4821cb.png,/-?&z-
500ecf2518e45420933d2870a7c8228a4ec7a70e.png,)g@=r?
5028109bb567120692707ed40728bb0665bd9200.png,<))==
5033699f7f3e407606eccada8837ac2532bfaca7.png,))<#p_
503a97593efbf1509cb19171631c1cd16cf26780.png,==
503aa60c14b06576a5115e2467f0e821e5a67e2f.png,
507d33e574b8bf41419257bc4fb8a2352d2ec023.png,$
50c22916263cf0e2d78cd040c05479eb361c1e65.png,p#j&i*
50d9e7a333edb5605d89be82e6d1cd29ff79d1da.png,+#**+
50f37aadd9dbf7534b3658f4055a0d14b5785dab.png,?_l<
5145104bd5a9487dd942daa7cc2cebad5ae3f75d.png,//]=
516bdc0cf93bc739e439c9c22240bc00b0332e7e.png,:
517a343a40e074898f7a1390ebc7b00c6fc51204.png,)&l
51b233d612b9258a76aac69285e2f0ec97c1f0f3.png,(@j-
51ce2c6d0cac2c16378d678dd53ff57651bc37f4.png,
51ff17162e28d91907598066585e3bb8f87300d7.png,*
523c98837adfe8d8fafd20aec3d447fab5f69fb1.png,a
52596a507af1c81f047cdad2897cee42a65e5634.png,$))(
52f11c80228491fa01e12f2640733c041d9a0bf7.png,z
530893e08c40c5e45972c646291f1bc4175236fa.png,rr/!e
534309485560ca632621107c62c425d8efc31165.png,<--e_
534eae086e8c9cd66a2aec2a30c75d87a6e3c169.png,(t!^x&
539232a725d6fa200a24e3ce402f6ebf94489a3c.png,ir-
53d2d9534bfded69817131675c74aa6158d11754.png,__[
53ef84ae0854bd71ae44456571c7fabff64d5fdc.png,=g<]e
54e8c0114866e580511ad63dd5fc0c37cd3fa598.png,j-~i
5533e0f79c0eb610269a3023ab04a095c59ab53a.png,t]~
5543deaa84c26617dcee6b02260872dbe95e26cd.png,--
5544bf72306f04103e75ea4494a08061f0d27083.png,/$$
55e4418b94a5d2ab96e2c6a132d2508542e2325b.png,+zcc(
55ef30d00210c04a182947a11af9f2566f44967a.png,--?
56000631ad23820fc15e5d774c605576dc242a86.png,l/_t
569a5afbbd5549b1c6e8930a284f776707dbae7e.png,^^~zg!
57749da24806f2fa2ac1424f5b5e8ae39f5d39ed.png,=::v?:
57be4cb344ca5ede9cf156d64c273c73c14af51c.png,-=
5805a273c6a13143edfa2ed60f9c9d39c7c46101.png,zz=~
58b9f8d37ce9c26269266fb2a2eb18281e6b1353.png,=+^^p$
58c3055aacf3179d3dd9cf623b79edfdb0233b8a.png,/
59070e381765924f7462949b305c71e33c10c89a.png,__n~/
591e237da3e136f7ef41e3831b7853b2bcb3a039.png,g**v<
5924fe81590cf357df4a09a97496ff66423249b5.png,/a<&&^
594c24d3382412117e0405b6c9e7e3e07e336291.png,r"p
5962318cf60552bf122bad336e4da970a85f3626.png,"[^^"[
59927120195484f5fb198ac1a65af087518c2690.png,pt
5a57e722fa4cdb1d15291a6038d86026aa67a48d.png,@[r
5acd7e60c9c306bb7a551c9a8da1c549acd831cd.png,@&((c
5acdfd06dd7a53f7b5cc9877217487d0a9e6ed14.png,$$&vv
5af6af249f3a4f4d2bcf4de789b959dd3ae18bb4.png,(!~vr@
5b3e5c955d38f07125aa3831d08b21ce7856c31c.png,?/
5bf7ea47ecc5eb105c5d042fe313ec4257258233.png,-app&
5c6962f5aa35893ef012de2fbebf1f27f064aece.png,:%l)&
5c97b51920fb903ab705ac20bbc98c30c4aeb05f.png,--
5ca1f9452dae4c35281bdd5c859fa446e49bb93b.png,tap><
5cf265a70b60d91884c715e53cd4bd1399e3700f.png,##-
5d441c6b43a71de5d9b06590aade2f51dbb81224.png,&]<@!_
5d5afe6f801d5aa7de59bb1a8f44d47e8ec865f9.png,@>*+
5d70ae84152e62072fe8887ed8222e81343264d8.png,/i
5e0a0b47de0520320d41a5cda6e6689e99aa86c7.png,z
5e0b72ea580bb3ae8b8ec96e223df6efa95696e6.png,n-[[g[
5e22741d01a707a93be225ab827540478672ab92.png,>r:/
5ea5a979286d39e24db8aa4853862e9d46b7c1ad.png,g(
5ebb451c6bb6872408cfc692657e838cd1af8f09.png,i
5f3d37eb845abd7c73875439f1d429165a8ac424.png,r*~ea
5fc14b944d7ac6faa9d263e192008708155deb0e.png,xe++x
6003d3a44693c3b6d08b957ad4d25376d280ba93.png,=#!-%=
60260aa128ba3c737b839e566d50b60a01f5cef8.png,(?vv)[
606dfa1f78eaf4d363dda1a594fc431e5603ade0.png,:vv&])
60a87b85266ff67950d2648994f42fd7a657736b.png,x-c@
60ab8e53ccd92c94bf33691cb35217c138424d9f.png,_>
60bff0ddea92703e9b00c671527d757da370d7f4.png,>%
60f69ea28271408222b4432bbd896a192b216fd3.png,]-r//
6157b1d469af1b921adf107d892d05e826061ee6.png,fgt
615d4475493ff0798c7b081278c032006d8c4891.png,>$
6175c014571bfb2fdce794220be863759aef6a4e.png,zt$n[
61bd39432c2be0bc3cf24350fd8c15b001b84a40.png,?!!(@
62bdf2818701ff83ab9ee5ca7208afd79072412f.png,tc=ej_
62eb2c8e72bbf16394d784be57969df6d941f752.png,%->
62fbf86d2bcace4e71943b04c407a464c3dc81a9.png,__-
6318210146585fb1bae8e9bd869766efabffcc31.png,:/t>?
63211ce7c56d15146fb5cdadd88a31b618352c8d.png,n@!l
637b50eeff549d60f934439f6e0d8d9e70ccdb37.png,~tt&$
63bd3329df1e2eb91e1f02278fe2405dd73264c0.png,l<@^>c
63d794997b3ec583b7a43c312a0748fed8f0d6c6.png,+p*xp
6425757278e9d946ab0c12538abe631c441707a6.png,*l
64531aa99b9004637e68e96c2c26f1404dfe72cc.png,?&@=n
6463bf6095dc039734437267394c595b4865f16b.png,j!r
648f91a84a5f2f08719ec215eb23a2926304249d.png,t-x
64e533a3a7905851a3abb60d1d61fb6ff91d85b6.png,>?vv^e
6561254d98b9a4fc038a3e0329470ed31a8e4719.png,z-g:?]
6584a042c118e13340e7af16ac40e290e96a0c49.png,/+
659851334670f71d2eb571963484c0d1b93ba423.png,=*%
65ea3fe0508d6b50e0e40ec1e7274a915b222ae3.png,(@g<<
66a8583ba6996de010dddc702dab1dfc204c8c11.png,jx(!![
66d34f1d381bdc0e8069d1b71a192dadcd3499ea.png,a@@r#
675a64a697c08a8d95eae55d991f2d17c8a698f7.png,r
679c0e1dfee9ca75409e3d3bc4d55c4e193e22eb.png,$!*z
679cebc0c3e51e9f887f84fa1fec1cd5e3443319.png,j<<e
67f01dbeaaec9da2d3ff96ed8dd05f8f1a5e0a42.png,>t
6876c30f8eab29324c64672308bd2832ec04140e.png,j::?
68aa5d428480d10e132b903657368931158594e4.png,!!)
6a3ed1717d75087f07f33091e679f96eb9fbcf96.png,]ar!_g
6a65ecec0456891e22ceedd1cff9a6a15bf42e0d.png,:]
6a930e92cd6e3e46091e840c30184a50c8cf0448.png,r%r::z
6ab5c0a691df9faa6313cb14931570f962e3dbfb.png,jzl
6b0e0de99d07f79caa0706b73f090af92d4f6b75.png,~v$g%i
6b17b2e95b341a1761272b63379dbf95bc5ce396.png,__
6bd93c8a141dd27d7a930f0779c699315b110fa0.png,xjjr/
6c07bfe18ad0229f3fcfc0ddbdf8622e409ebcc9.png,*ec
6c44f196b1028e6195564843b19ba4683007f548.png,/-##z>
6c8f4f720f20ce9063558dcdc1f2e6b22f9d2855.png,(a*/_$
6c91718ef47b0f082ae1ca36c913d65d9458d7c1.png,?
6d2caea90e4a354349b239055713c1d8c02f29c3.png,x%txx
6d744c5ca425df006131e4bd219a6c644ce4ba4b.png,~>z
6da6f2f6ee65ca3e0797aaf974419e4c585690cf.png,a
6e1e066747a98719d733fa4104582df5b34143c3.png,c?+c@[
6e3e5362bcafd11d47054838609f1dcf82079b81.png,=##(_i
6e5fbe4ec2d9ce0caa6aeb3689034b4f309da72e.png,/rrt-
6e7b2105ddb68aabfeecd1bc3100a1b6e6ba980c.png,)&))
6f2fe8a92b86322893d1020fecb58cb2ce9cfb07.png,cleex
6fb7297fe7c2e50190f8e834561d60bfe08574a9.png,~vccj
6fc74eab191145a00b754b308cd94a90b3240206.png,~-*cc
6ff0e25ccef23c60fbe578d2a08f28baeaf84a2d.png,k*
7010f20a9664dc2b401388c5012b64b06f017112.png,&[+@(r
702dd8fc17eeff807c9bdde89cfd81361dfcd3bd.png,+/:=+-
70486415764ca76da07ae5d9cbbbcd365f915df6.png,r
7099525f13206bf5bf2a2a9bf09d9e10844b3838.png,=(
710df576f920f93c8754ae2270dbcba91fc45986.png,x=x]=(
718b0115c501c6991660643abfc495a549328934.png,^[
71b1841fc4ac16c1600efbc93a76481fc675ec2c.png,-~$)@*
720d1294b70e9faaf0773c0fe64e84819bbf42db.png,+>_xz*
72624201fe771bc6f4409812edf976c6b31ac390.png,<!a/
72ea391f07c66415140caee1673c3c22faed0d7a.png,!!rz
73e5941449550ebad8e053a8dab6645b0ba31dda.png,~(--r]
74952f28362a046368c69bae430980cb13ae8a19.png,(gl-g+
752fb39102b66d118defb19902b62798a2f79f88.png,=
757fb3786e2309d516d97cfbd7964c14b649409b.png,_
76100c2d37271aa8c0a74d9540365c325b4eaaa3.png,!!(<
766934e71e3a18e39c31cb6835a48aeb0c33a26f.png,
76758cecc6c7a57a5d98c47d54c14f1bc22a7c1a.png,!~~r~^
7683f11b52273e72a802e11979269406beb15595.png,-++(^<
76e75720ac94ffaa813f4d597b9d85efc03240df.png,==
775b7381fd4a4b01f56d5fff7da020c32d93260f.png,/=
7762a52545fdbe3d16b6a73daa1ba2850373cd9e.png,+ll^>x
77798279191baecdf2d0c39b7213cc65db93a4ce.png,/)
77a434c55732b90b200d4a3aa7ef6023e878ba66.png,@)]==
77c24272aab0f5c50f4cea677f8c0f25f9cb4682.png,#ic@@!
77f4ad5ee6b2d91cc39d6114d447e72512ad995f.png,:%%e
7800e7227ee426b40f4324a5edfbf3987496df72.png,"+
7811e51ae9c2aa7eb5e933efafbed66407216b04.png,=*
787e42ef05cc2789b4c57e933d1ee29ddc323cc0.png,>-
78bb2650392e028aed45fb9488fc75a6204fb278.png,~**>>
792347e71ddbf34eea19cabdf05273c0933bddda.png,m@e
7934233ca4e006540a1e8ec901df4f585d30ad0a.png,]?**t+
79747ccbf891e2d0fa65844ff8f5923c4a184ec5.png,<^j#)
79910eaab49fdb4f429585b1d3c2de1dae2a4bcf.png,c/:?!!
79abc604b37d33944205f14ef7d051a69c839c26.png,=:
7a1387011401e70c34af176e2e95b054ced3f734.png,_=>
7a22c3da5698a2788c6888e515405979de5cb137.png,r<=
7ab5973bc93ed11f258ea83db68edfd2e184f163.png,x>
7abc2f352625842fb3bfe98d6ec6dbc912285a04.png,g+r!c
7ad80c4179c8f0ee39ab2310e430955481ef491f.png,+i%c
7b1afea19a4758f6536a6408b20f08f1983ef5fe.png,r[~~~
7c73ce17faf8245906461ae0668a156ab232ab91.png,
7c8780656792fa1b8e64897506a9aae3874fca35.png,$:
7d6e76736b1114826b7d5f907392a64f82cf6df8.png,_:>r_
7de335f3d99aefed3c6fba79e1cfecc3b8d088d0.png,a[&&jn
7e118eae635b2e42c2b2673898a75e3d7e3be566.png,+/&
7e1bf7958bd80e1c290d1c09a5decac3e3736622.png,/c)~#
7e9b140385c8dfb69507f7c1cdbccc0db0836e53.png,+/_$
7ee685d6a13eeb5214bbe6fb47e596b941d12135.png,<ill
7f2befdc3ef92fd4b7d1a7a90f83ae8ef7c803e4.png,%!gt
7fd7a9be85220816360db0c38e963f9b751a5ce7.png,]*i(
8060fe17b33fcb05939eda808b1adfc4c5bab3f4.png,>
809bc67cb293c7eed3d64b4e1240ae20cbbce7fd.png,/-rn&x
80c8dc39f721268087e36121a51add1fdc21b68a.png,vx^j[[
810da00579db69460a8ee7cfc44ebdb6806580c8.png,==_
8139198acc89cf92b9ffe1181eafd5cbc06c6b0e.png,[el
81e69f135c0fe39544fa72155bb0a86e9430a0b6.png,+
8211e2adf9e733f290d7e633e4991a682b63c751.png,-
827fc75876fc256d7c0004f61195d0cbeaa37a44.png,>:__%
82dc068b3da9529823264ec1c06fe6fdac7865cd.png,>
8302e44d5d483e9d05a5fe98b54d9ba43cdfa0bb.png,/>x<ce
8338fec8f9c6c7c37e83f3ba36cc4ad304326fc7.png,)z!!i
83c8c799084136b9b46bbeef60e2a64b658a4a8a.png,?=
843a64da228a8246da74d72a4e9fcbbeba5c6fb0.png,&
849ff022b15846b30521ddc038a537b1d16d3e94.png,>>t
84df362f54588619f16381d5f35c8efe18a671cc.png,a<&&j
84e3504bfb6cb617c14477e58d6484f78cba8127.png,#[[?^
850ee2d8d149501e5c244e3e789d721c827fa2f4.png,/ai<
854672ee0bc2a8abfbd905f337c1cb35499aa034.png,%
85c9512d73a8dd40fcf9f7def4f692d89347eae0.png,ijz-[e
860e5a9ebd79b412a4ac764cafaca3acf76863f0.png,g%#_*!
863893dbb4324198ec17a0ff351f7c39688def93.png,%]_iav
86e62c4688a3aac2df40641ebb68cf78e7b14e73.png,v<$
870fe5af39e59495f1fe40383b8e4d9474dae5f9.png,^gt%cz
871af30940df209379f0a851d5da75751c02d5bc.png,
87d023ae5c3e2aec5356a7ec24c372cdef6c211a.png,"r-!
884b24ceff703e18f96185f713053de65adf03e7.png,g-
8872f1d00bfe220936026ea8855001673c4527e2.png,~cjjjn
8879f64d639fc6267e41229a2b709c1825e15a13.png,&r/_
8880652343f74cb130a8dce799ddc2ce86a240cb.png,pg^[
891c7af8cd9f485ac9398cef033b2c87122eb61c.png,t&%xn
898f7344f3ba3a8c0afb404adda0c6e297d3c98e.png,@>-
89b90f5118f61510e33adeba2e97ba048fec884a.png,-_(
89c4d00bb013d1c848c60fd582eb118bff06c289.png,n((t-<
89c70a6efea865dedff608b3c52bcd733e03f353.png,<p*/*e
89cd9f8290ca6c7c70c0be255c51fedc73dc45c5.png,?r#((t
89ee46450a2e977969d0f5e4e3f74873f32e5378.png,n??!
8a855ab89e0f041a44c2bb5b288a8e6072d985c3.png,l]]$
8a994bf5e5efad3c6fd4542067557c068c7fc1da.png,
8ab3199dc0a6cec4b3cc71d79b04fe97b01f113a.png,?:
8ab68d09c7599a91b8b08b8ad0481fcdcf2f2a52.png,
8b659fdd957d9bc1e1114be5cb1c023ce9cd7e9e.png,l+]+zp
8ba2393af99e07f3cd66ed86b6f6f7fdf673e616.png,i##
8ba92dc2569e1318991ea6fcdb12211bf3de6f3d.png,~@g^jc
8bb64082381596d04fb09e8dcab408b2d298e8c5.png,
8c32d572947e825825f5849c4959cff8b43a6351.png,=j
8c9936ee4d7db016cc9f94d2c5131d0cd25b69a5.png,=c(c$a
8c9b8545af84f4cf3a2f7f3fbc3fdb37b6bd4442.png,&?++v&
8d04c3df606a4a0a510f7fcdd716535de3931511.png,-_
8d084782a8e2e30cf6e69747f791155acb439b3a.png,+<-p
8d6c88e14db0e89f382eb54654c58a9fcb89682a.png,![#e->
8dcd0c72af3f309ea9a1ee250e4e0f81c649b235.png,^+
8e3b5652436417349a0df1ce38e14f032ad3e3a9.png,==@
8e4e83091119b5029d98dbabcbaddbfd8c0578c1.png,]!!%_%
8e97824239abf96b9224d29e10ab61d05e1eabe5.png,==%
8ed7954db3aded13103f81af847dd975bf1bcc98.png,/i
8f1c92222462e4fbc65bd8daaf3aad67f7edde71.png,<g
8f709b9d5e3dbacef2966235bc6e7dd12cdd7785.png,"
9000660a7794ed71afa5ac061894d4a2db41b326.png,
9004098d2a4ae6603ee751698cb92938b45a5c29.png,%*((-z
901798b607d12555df3b7214a277859889713c28.png,ai#$p@
90e34601707d4905d6049362e5a899297c5a6259.png,#&:
90e4bd4fb5bfc925cf3af1f73dcad3cee6884a71.png,[l##r
91416ca6917a1f1c784f49608aca31ffff9c27ff.png,nx((a]
9149e5ababd3225652d41dde763448ecfc1a0216.png,%//]
918a216ceb7d8ee2e1169b55853463396271ca88.png,e>pe=?
91ad6fd72f828be16d143c0182b25a731e1d4419.png,_[[/^
92009263ee5c098ce6cb3f7ab571ee155c935093.png,]&[#
9243698b9c198bd76213a49a1f2a17e13275c087.png,+~
927e5c481bdfd477743474198a74309bf74ccbef.png,??ee-&
92bd5e988d89835a2d954c4832ebd75513dac661.png,<-
92cecdbdbac305b50e49bfa55e67c7600b6bce36.png,[:!
930cc393616767b5e48e49ecbcfceb0f5a194212.png,#
93153ee529211d7b8115c53d616231c5eff9e8db.png,n-c&
93f132e7506851f7dca1716938c7c99f9146bd4a.png,_n@$@>
942e8358cfd84024353829f741728abda8cc5b4c.png,++
949285e10c0bc6440bf82b8436927e7a1b1838fc.png,<a<$$z
94953d54358eb73799468e9027ec3f26699c43d8.png,/
94b6d5cdbb4153535cfaa7368a101e1e3eb7d8e5.png,~<ia!#
94bbced9a1e4adccf749f2e0e3e6e54107bb6248.png,<~p[np
95272e2e42da86a07092083c4e72e4032bb36436.png,-
9547e41deacde71ded56899abb9c63911163f333.png,$$l(i
955c0d1745fe65a87c3f3bdea09625117b679e16.png,!@+$$
964d3cdd9d4bbde4d2e6ce68d9a31be6e496ccae.png,p@@#z
96948821ed03f3db65280551dc72126d268d3cc2.png,*nrr-*
9728e33df62e8edade4f3bb6b4737d63170f1342.png,+??
97395edb175f8a21088867c7ceec4509a5eb8587.png,_]
97b2777bc6028604638b962275d3bca6b064388b.png,~-**+
97f6f913a8d51ebedc2b2a8148f781b2e82ed365.png,>(
985eb4cc3361824ccd7ebb6a368700116e38a220.png,_zz[
9868934388550d59a456d54b5dbbc27825512946.png,p-_
98b489e8318b880269324dc5a849c6dfbabcb9b6.png,/_=vc
98b719f4c1ef29d9dad8586e9e308f776fd90ecd.png,!!!()(
98cb7a54e45213c666b7c55f0d011bd22044e03e.png,tt((#a
9950e343234ccb60b6546d4838102bdf3c0dc32e.png,=
99ab45990daeb953c4e1b3997048a9ba9e6bd9bc.png,==a
99b23c7b6dc43997f6f9ea4b9a53f6355ef5090d.png,p>x
9a52d66307203ebda345b2f9be6c66ade8dc4293.png,&**x[
9ae82f61cbf6be02ae6efea31148555d7d00938b.png,+
9b36960d6697b6d8fd96bd67f758a8be9868a7b4.png,!-pv&t
9b4b1bb99d6aa92b395cfe8b5b03cd09c9c0bad6.png,j?iig<
9b6241fc96d19aac83d4f8ebca548b248d375686.png,%<$$i!
9b804c0b177855fb1058e9118368d706cdf2287f.png,g[i^:@
9bce51d8a5eaef606c25f29b0a874bd3d4cbc1b7.png,[#$!l
9c15a9c03f52a681af9b89be7b68cafba91b2fe1.png,[<$-ej
9cb2103d591ee3ba3fbeb2ef57f6f9dacdbdb93b.png,a%##e
9ce9d6199dd7fd8b68e3efb388b6db3b038c9b03.png,p:
9dbbb0a6460effc3e7fcea4a00a8a9ed54211ce5.png,l#>>
9dec39399825dcc620ffc98f10374d3c905783f1.png,g>+^=
9e2815f202522959650b263fe14ebf13000d94d9.png,<&&r/
9e30764452f88fabae1517f59e59741f09c04c88.png,%/_
9e457c4948e412ed9da994488c27e5a5d3ca13cb.png,<<
9e4b501b85a188678156988a5b12fa1d64bfd8b6.png,
9e8090b253bb885f18b279fabfde4ffcbbd3f420.png,/==/*
9e90912579e1cf14285eb533d3f4dc9ccea2a77c.png,
9ea85b0f0086f569845f0455091a24efe6dae9f4.png,nj[/[
9ec425ea0afeb3245fcdfdd08116e1a777bdbf13.png,p@>->
9ed670f42c3010c52fdac0199e54d436fc0739d2.png,=+>*
9f2dcf98cd5f9d0e6226a6982bfe17986d87d9d0.png,+t
9f2e0d33893b49b4325fc7776577433c909eaf12.png,[%/_[
9f3efaa01a72810a2159b99601d1e262014864f3.png,rrr_
9f66bff25e72e6753227ba9e80e0349c865b0880.png,la$z:
9fb317c588b7f13ed52037a85b88dd0575d4d2d8.png,lr
9fc8a88abac0a5415a553088c6751b9c9a7285e3.png,-:*$e]
a012410d44afbc29d1ac6f38c45f00deeb169746.png,
a0c54e68bfc3d27bfc31108b3c7de34da50c1934.png,)-/_
a197ab9858cb1ab92a2090d4ff6f562d9e366822.png,cc[
a1a00744d139aab04b7b9fa366c84ad07fff1f7f.png,nte
a1c9863483f6bc4ffed63f5d0ed999df58574559.png,-et<<%
a2112d40a6e06c5de206379f2a5b8acad867448b.png,+xxa::
a22604b31af6a0e2c6e521910e9f455cdbecd9ee.png,?&?j(
a23743e3d44f9fbb90fc4920d804d8475f50adef.png,]+a]%=
a25133d59a914a57942266309b165cb146376ac3.png,**+
a2c0df6124e4ca1deffa856f476f7ddb7a2f356a.png,
a30ea10ab5304171acb20d729270e336cb9c6dc3.png,>~~v=c
a3575c112ee0a1a93d8ac4642cccfe6bbc3e7e5f.png,e^^x$
a35b917e95e3e3a8b2892904da99273c8810fb38.png,j&>
a36bb74648c764f94d5502335541ee4512cbc6d6.png,!<
a3a3f099c35135db438b13e4882715ed6a75a866.png,<<j%i
a3e9697e4e51d03c0c1cc36117cc0a01932dbc39.png,__
a3f01090a4ce33988b20dd1d677cc401356f5877.png,!&nr/n
a3f5e5a9e9a2a721b7ba5494ac4c16c427635f50.png,s-_
a405f67061efc79728a4bd7fe25de43cfa09793e.png,(&
a4276316704e86e3b81d4d200a3700916963d880.png,(<<^$(
a4a3468a8202b8325bf0be4866c2efd512bfa86c.png,a
a4e1fa2c8e837304345b67f83ef275e26c7d522b.png,=
a4fe003f42c47ee6c755911ffa88a8ff68719da1.png,-j$^*
a508775bbb831aa78e5acde487f4b510e2503209.png,:[e<-
a510481b0593531793bfa4728a5243ffbad433ad.png,-?
a5387f74c724939e37bdf45f9611d171c39497f6.png,zz)-
a563f99c76790433071985e6ce0895affca933e0.png,tr!:@
a577b0f9c7b16f4320f11b4fbef16e3fc58249a0.png,e&
a5c290797680011e23b34c9bf5efefca4d00f6e7.png,-r@vr>
a5e0df6b0fb34e9b48d179cbc8e42bba1418aab9.png,nz:)a]
a61ad1b09c0a59b27bf815c69ae8aa367cbfb12f.png,**]
a623b5c95f685eabc8494c130775b9cbbdfaa6f8.png,_!!#
a67d64101935faf36ab8ed42f9fbd174c5e32926.png,]^&=%_
a6b94b3b54caeac8d627b4329f5ed5dcfd7930f1.png,_!x
a6fbc4b54b4b6147cbe0b4e524fedf04d3bea8ca.png,##]
a72d7c8e94a3735e6b1e7160fe8a41a20c267e01.png,>[!
a73e4c74143bb90b58e8228e30d3f82b50185ddd.png,-
a76f05554004d998d300fb17bcc6afac17c5215b.png,p<(xn:
a79db64ab664784bb480f502eae4c5fd801acee1.png,-aa[?#
a89477f003b622583c3e4c226d31f4c4bd53cda9.png,$
a8fbb21405ddf20564d9e4de113c2c3a602b7d52.png,l(!
a94eac6a35f16177a6ca0b6e1874c9da9b69cff1.png,jt
a98aa82ed9afb32dc80026e8327a7ea30319972c.png,*
a9a025913569b0e7016b337ba1ea75585cc594ae.png,/p-x]e
a9a46a1cd47622945810096d934945d1191e1034.png,rp~$-
a9d9f1066695fd4a9b8509ec9a8893d710ee9ae9.png,)~][
aa637e84ac2ad52301ed515d7c8958347e37559d.png,rr=#
aab6c5ce9d038a4c3575bdf4e49e8e316ebd291e.png,]
aaba3bb7d7cd2594311f4f4c69e1f33c934673cb.png,(tt
aaef26d0885d46e4f28bf124d6d6f95c34943f30.png,=<
ab3a79419bf7092512fbd376a35358f7b52932a3.png,*/
ab88be3f25f65d29f0e7326ac648c038954e5c75.png,=_g~j?
ac1a31eb8c57072d3638d67a7e0bcf0dc8cd4724.png,#-t[
ac46797648c46f3b1028b7eae1221336a0108be3.png,&r_:i
ac48fbd328a5692c5a6930fec1fa5b45c528bf6e.png,-x__n)
ac6621025f8c97c3852d8e154e44deeafeba183c.png,
ac83ace77f2725aa0449cb50bb9d0abdaeb06e4a.png,rzg
acc2fbf7297159debc6754d285934053c70b2e88.png,<?g
ad9a6a430515ed8374f26826ff0e38de7ec0fff3.png,/z
ae4526baaa908af0d147bb9b734841c3cb049113.png,@teej=
ae4938a135f3972c461ca536e734c50b2d2d8357.png,[)t*
ae81e5d79a439d4a046e82c0cb76bd3cf37022d7.png,>pn$]t
ae84e106ba6d09d845072535dc57d4b0d9c845d2.png,==
aeccfe7fb25efe053cc35adaa3b781d465bf5280.png,zxe))l
af2364b25d4751b942406dba4687f5e8dfa2d023.png,/&@
af2d0eb29fd953bb0f198d2a1250bcab5531bf4e.png,#~i%e:
af43c699b90505e42911b7a91d9fac5cdaf9bffa.png,++l
af69841bff1242a4a024435d1acecf84b99abee6.png,>n<zlp
afd0e9720068b64711bdb78b1861c82624b2c7e0.png,z($ngx
b000d38d20bfab0363c6de9cfb38e9a9856d772b.png,_(=
b0b09809f4dec74f035aed1463bcd0c3102dc330.png,ez))ti
b13b5f6dfabe8bb756c94e9fce9075d37355647b.png,jevcan
b1692d468f37b324ce8ba2d030040b2e1ec2ed55.png,?rr
b1b2d481584e12a6c3e1db2c178369a5198fea91.png,l^l^^_
b1c887b1760bed75887684d6f10708e7ce542594.png,ljn[l&
b214332268f05dad89d08f1c77fc9475cd369636.png,!??~=
b2859be292b2354110cbfa19505d612c6627d66e.png,/i:$zv
b28d7acd56d1edc9196e4fc69f82fc36371d04de.png,-/p
b2d9e6c0bb62c45933efabd7fb1e1f361d295d69.png,:)]?rn
b31325a8384501aad55bdedbf7c1819649ce10b6.png,i)l
b3365cbd00eaeb4de9a0ce7bf23ec25b600fd477.png,<j
b34164f7485323dfd31320171dd2a887f5894d64.png,e-~
b3585dc990dad4335887917a95b658b2e6f06895.png,>>[
b36689d15a28b06c8546a4a37c4c2dbcf138620a.png,/
b371e15d7a3d68849ca919aa88944ad39b73d6f0.png,!?
b37dc0b1ea4e97b48f2d77bfc5790f6e5e33870d.png,$<jep
b470d09d3556beb606b70b8fd8fb1081644780c1.png,&z%[)z
b53c0ef29c8d1570f0bd8a1534f43fd9310fa4d2.png,aip?<n
b5c69dc972dd6c0df84ea53fbe3b9eebaaf3d71d.png,--
b5e702b685671b7b0768599b3115d3bfa39cb9bd.png,+-
b5e9a2ee3189ba6c67344399d1e9084d10a5a846.png,z[<@
b60b2cd09a8241b4822fe763ff3698c66503d868.png,#_]l
b63a74d77330b1e1e662603396eafe22da1b7e87.png,&t>~)<
b6729e6af9d43ae631e26b1397eb0062b936894f.png,*]]=*
b6776f50910372819b8d8fd8e011cffc79a27100.png,rz
b685f431f106eff569cd1eabc191148e972d3d23.png,=)
b6d142ed75b08bd5d868170f9d1c4108448af8c3.png,)>/r
b6e6517b07c9a83f96d9161b26b58af9d3ff217d.png,%t((n
b723dd5598470fb83272fbcac4461e14fd16cfcc.png,r-
b75cd0d1270614f76bfff677cbc11bd2b0a0b401.png,-)-?
b78a7bc19bd4604ffb814ca473f5223e3e2c6559.png,%!_xt
b7c73b754498237278be2303c516a538a78d58bb.png,=r
b7d8a8612a1a5b095ff17caa1a7c2aa67bc80e66.png,<:)[?
b803eaef8622a637ba24d879175e4b246d70e407.png,:_=
b81538320eafb9d0b265843b92551ba8e4c6f518.png,=:
b83c875b8bfe8a302e9df2128f0d34903a711053.png,)-_
b83dd0c687a68228c198929893cf623b25f00db9.png,^$i
b841c3e8fa311507a9a76539fb30e364bb2bb374.png,g(
b8fb3a04bb336be6779fd2df3b63f6775262fae0.png,/["/
b9c685f2344f8e38d3f7714e9bf02495a6dfdaf9.png,p!:
ba47ff6ea860d2f6be9c4edec3dedc10d80e2be2.png,@a&]+g
ba71e1f1276a0845f09f9eea880d3e8fccdac720.png,<=
ba818432dc2b08aca8b28cd9879840be3dbd189b.png,)%x*=
ba9895f5ee359eeb0daff1035d443b95a2d0e745.png,z
bac1c96455e7850b60094ed83ef9d903b4cd13ab.png,??!]
baf97720a28b74a60ab6cadb25d0034e1b99733c.png,a+
bb159789d1608ca10a019467853e4d3b15179380.png,e%!#
bb87971b08422444c98d8f812f0af39b758ec18d.png,g-?z]^
bb9e94b235fbe0c06bcfdbb5a178009a915cbd91.png,xc#><e
bba69e042ad979992c6146f9ca3072e147897b51.png,]t+p[
bd42d97db8defe61e684b2d4a49231e121b64269.png,@c*
bd67a1fabc7192c5651d9cc7f72440cab1a47a43.png,+
bd703d465beea0e4f5970893f7165128ac47301f.png,/jj
bdcdbb1a09d94abe18f24623a7951688452574d8.png,p_$a~+
bdfd9b716efe72fa7daf85a4a48d85e246a46f48.png,+--*
be48b7d5252f8e6396924a5722316239b77737ae.png,pj~
be99a7716b66b78f62fe3e2487e0a43c5bbcc94f.png,f=^]
beb5a3054d13706e2748dca0dda8b5fe467eaf43.png,>#+
beb80b2a27abc7ee51f59697a5b67e0bb1b631d3.png,>
bf23f2d9700fe282b464befa742db6a5cc2aca89.png,r(a-
bfb108d32a3c01507526daa5da57b65435be92d3.png,i@]l
c050087d89f46c55a891ba74609f2d74a0de0983.png,/llgg
c0bc32af25822faf4343ddecebdd087b2e8b8a50.png,/
c13079da3fe09b7117034bf8266b2e31ae397e9d.png,:_zi&&
c14504726c853dd5abd86285ae77c09288aced3b.png,!g:g>*
c16678710766df22122da1d793eb5c15c37268e0.png,(?zz
c1905f2f22c2868595938594d091ae6f4ddf62b0.png,__
c1a144df0845fc2e730fa2c5d40f4d075c7fb7b8.png,]$gg/!
c1d5c7afc275c4a7472b5444f4d43f7aebe8658e.png,&x[l~
c201e03a345a9bad7063b5fb0ff95325a3bfe0b5.png,-
c24248fdf4f8f78d28112eff7f36f42937ed84ad.png,i/
c2a2554a726dd4192bf573f35f1c82707a745030.png,?
c2ffe566a7d3313dbdd1e971b934fee21f469d7a.png,!**_
c38d5de84d54e0606eaea07796c74962c4318f18.png,z
c3b40351e502060917212b8a948dafb94309cd46.png,?j$&e:
c3e5fb9d582a33291c35b30050cd4b7b496e59b2.png,>c%g
c40318095345f6730106227c2ba4d5f489feddf2.png,%/?)a
c4236418b33d019e6b203998b1a2788342221f3e.png,z@o^j
c42949702c6ea727d8bb40240143ab3c7b205cf5.png,>?
c443d797d6f7c2191caec1eff38b362740d2d665.png,^@
c459458f85d9a19884f3743b50843f6ddba7e6d9.png,n&==ei
c46b54696a483e31ad0fc5875340e76d3ded1146.png,/[a
c48a998a05a693254d900b510e20ebe89115423d.png,a-ia]
c4a309b2d8b751213344c30c66381aabb19f4e71.png,j/^*?g
c4ac0c3cb5424bcecaa5a80e39025b7eaaca0bb6.png,_-l_
c51ae67400f54a8ddb29c1cb66e1df2dadc6e93b.png,$/ra@z
c587de38b43d298582ee8c77c0c967c6b3037323.png,&l))=@
c60a2bd8342adf264e1f3702bf2f8431cc8f21c9.png,)-g
c626aeb6d2665c2049d93653385bc345a5413bd9.png,?p
c62d578fae17552c5154878afb0a7e585bf7e6b3.png,p(^ez@
c66d0082babdb7c8b82616f4483a6d9a55d3943d.png,_p
c66d510f9cadabd1a2939aa850985be3f0a7ab5a.png,e++
c67a4a17bbc23f5a8d8eb9c3a350f67ef106018a.png,(&>@%:
c71da43f55888345269c8bf4ae1e1be3c9aa9acc.png,r$n=%
c7be4de3e830430b9dd083aa391b80c98608b21e.png,[$<zap
c811ff212eceeb87e351c37f27ceade0b5e25199.png,j^==
c839347ef4cf57163a4bd8848dddd0f9e1248561.png,i+:g*
c83a0c46d7510d5fedd51c2c798f3e60420ff9e2.png,$:&*
c8722e7262ffa99ac28a813a1319429c4560a1fb.png,>
c8f8a5dc24afaf9caa3af8f3478bb94f55b5d00a.png,?ev/-
c97d81e850cd05111e0e67c95fca44dde2d2e677.png,+
c9c6b80df0c1dfbcf6e7b31476e8b0607736a3a2.png,gg/<
ca12fbc235691df23b9b7430f68261b73e0d7d98.png,-=
ca72b2fddad02829a2d49db2676b5742f33d868c.png,)
ca91bef5666ec0e294daaaf12fbccf37075572c9.png,z)xt
cac24fc48b5771097b50f3bd98eb5db2cee8db3f.png,cee
cae2c68461aa6ab7f7f6422ce37fdb9a22c3230c.png,+*ip
cb4c696d549c7798e16f704f2af60b74ab66f838.png,$?%(-~
cc4ff2205424343e66bca4c017c3a7c20c8bc4ae.png,c<<
cc8b49ad269c426ae6e91039456a267efd18c3d4.png,c(c~>
cd59e80cee0ecaeadfc2b91d866a9d7a9030e1b9.png,==
cd8270df262d3519f19ee156ddb824e5335524bf.png,--
cdad90b802482ccd7f889e6a9c3710cded00197c.png,e
cddf164c4515c06b41d3951df222a6ad27e08621.png,!zjj-
cdf8a5dcbffb9454168f62a3e942bda802faba8c.png,l+<
ce0e4dbeeb12599c154c2e37acd6208cff7b8b9b.png,
ce9c0eec76c6327cc54cdeb6cc996e28d4cb2771.png,a>::p
cecfc0f2beb32f25611cb55157eb677976fd0b39.png,-t~)!c
cf55c4f0ce3c18d501295e232a60053bd3374df9.png,:-__
cf6e87075de0379ff8fddb1e7a4924841c117062.png,@ii##>
cf8ec0b4ef67a3cbdbc26eb4b4026551fcd7ef25.png,$
cfaefcdd8dac86fe617a90f912397f09b445055b.png,-c
cfb7bb3996571e91ddfcce4f21b483b0737ec16e.png,arnp
cfc25941ccc6f5ed10987298564fd9d90e09b150.png,*##_lx
cfefc9af3101e25b2b869bc287e400509f10f458.png,~%$-@!
d10e7822b311f0bce13b27924e169864cac74180.png,(_
d1c20a92e8da6ee300ffbcbb83ce4c6e9f8bc44b.png,z&)tcg
d1c2662ab64763834275896f2a7a34dfda06717a.png,-~q
d27cbdad32b9488c2ad2b9f7e3be6e8e2722b24b.png,e&nn[a
d2ce544e69db01f368fa31b6e456043ed184f210.png,_
d305aa4be098ef234eef320cdc3a4d987b7409bb.png,*+z*_-
d3575e00ee47c0964457ebe6c4399d0b85b539c6.png,@_z
d36036859ab0ed13c70f4a6ac531f5540b2e047f.png,e#jj_
d39778304427c1433636c8269968e065ed10d88b.png,ee
d3c834ca50ddf4e485fb0fb68980bbce07854d92.png,r(x==
d44ed729be9d62454db07315abb06323f4d19aa2.png,]#>
d4910fdc09baea2b018aff585770956750294787.png,<r
d4914f5d53cbe6d000ba686157dd84577beefb3d.png,p[g_(j
d4a735d368782fb986fa1f35d2898be7779cb303.png,/tx/))
d4c922552d38b1bfc868ed5ba87222e914732fda.png,&_@z_
d4cea734fa5118e89f6e1ebb1adeaf9aad83f3b2.png,@!/
d4e864f90385f4803f565c93aec261520e15be98.png,**)l%
d5c97344c694bf51f857e4ba7a7e6af47fb82890.png,gl@-~@
d5fc66daa2c72660081340da08446cd852602b6f.png,p/^-
d605090715e3810fec646a2c0bc050ed9f4952ed.png,*^--=p
d626b599d4d9da9254dc80a086f0c817c1fb2a3a.png,!ep$-i
d628a580e3dbfca523e397379ca6fc459a22a1cd.png,_/
d77471dadb1f08c2ebd93681ca7cf8b3b6cb8985.png,*%<x[&
d7921380a33763204213443bd4817c229b3e0abf.png,zxappn
d834494bf4caf1440463636971bb31782cb39870.png,*]/~(+
d834ad2590fe1aae9637c93ff3661823e2839963.png,
d890dc604819eae3608389ca18ab7c0d46ea18e8.png,c$x#
d8a043d53be73a16013d4b8f2731a712c5c00434.png,x>
d8dce64576fced535fe0ffac8325fd3ca98a23ac.png,><]
d90cbfd3b270309397b4840feed4d43ec2189bac.png,
d94cdb0fd30b65c5b160783368c8845774ac5766.png,~(
d9c9959b295e12136a90902efb9ada0bff740bbc.png,:/
d9f30f758e925f35a8cd7b1d992082297e512200.png,(@~r
daf2d26bc9d3da8bed1ff6ec9540bc23f88541ca.png,]c-er#
db2c571c199967108ab0f9f0ff5ac0fa0a215671.png,)
db51d4a2903e9ca6e619bcf7bc882426ca779f77.png,/>
db8818aaa945eaff1d7c8f10fdc56a4686f1994b.png,a:
db8977a053671e19aaeb38b0b08edeee780a8c49.png,z=#ze-
dbd68aef9c8244213c1cd4349df261fd59c8d825.png,x<<
dc1bd152c4637428679fefe5800a7207be80071d.png,_(
dc384e015093891c898834626886dd836e79a7ad.png,/+<
dcd7c921b16d21446746f54e4442944b656c9085.png,_
dcdc006aa29471ab01395a5545fdea016a0b2c56.png,--[
dce2e068465f6a2eeda76a3b66560aaab15c9595.png,]r
ddb7ec173cc55d80bcbfacf44564b4320e2e5d98.png,((i#x]
ddc68fa21f0a30f2e79a5146a832e8a0a583bcaf.png,__:ra
de8bfb21526a782758fcd65fd9aedb55e440f7a6.png,_gra
ded84df42e40c36d003e40caed5bed511166d048.png,!%$z>
deea6fc77344f6de9bc626d5e8a6e3aa3735a5c6.png,%^==&?
df50e13fa0e64476a3ad724d6bc55d463634cbfc.png,-*!?~n
df5cad78d249235657045d6ad5990dbef4058fa7.png,l?>>
dfdd42da68e2f3646885a5db597238be067a000e.png,z%)_
e00aed76b8c01baa0ec61a46384ff231df819ca2.png,-^z<:&
e105042e37425c255b612bcaa2c8e98f563ce9a2.png,___ee
e17243491cb8bad1939756459e0d66127cba504c.png,?j-e_-
e1a05f474842936e91d7bba442ceeb2c1b88c895.png,e
e1a0b4b5756f5aaa9293892cbd869e5e73981acd.png,g-(~~x
e1d79d4afc50865a8b2ad9f10d4c05b6466df835.png,&//
e236d51540ca11a92de0a0587d4d8a73c4e8d211.png,>::>]
e292606f1876b302235874697f8acab00ab66bed.png,x--[#
e36d5c03a8527ed32caf21c7354a6605d3491913.png,<a>
e375a6b4e314cf54bb56e926eeea4d73322aabf7.png,r
e38582de4a933c507974846d49597f3ae9925330.png,+c
e3add86eef792800a47e01e7e013a6e45f995ceb.png,cc__n
e3d04cf8977b0881f0d991609bfeab7c4707a89b.png,l><&=i
e41b8d7c7c249db9503815f2fe22afe1e9a1212d.png,g/
e435b173e9904f1411dde242de2172f3771b1fa3.png,=%g^+]
e43de77d10f9ccd5f6826a7b667a8e063cf7f532.png,r@qr+
e47dabc5fa6d3832f9eb570650a4023ed24a2119.png,i_ttp_
e48a9b8c0c81c06221cc16733e54ac869f3e5199.png,-r:]
e5f5927224644465975ce9ef4a2edced14bfbb8a.png,(%=z
e5fae25c35cfd9b6bfdc588dd98c386c11ed6eed.png,-l*i&#
e626e7d276adb6052380d069ea1ed0a74a1cc444.png,??l^^c
e692dbe01d80b7823e5ca72e4bdf219a2fc43b58.png,t^^=
e69e55e6e2530c59f1c99659a6bda063c5a54a9e.png,xv_((
e6ed5245f632fc72d2f447af4350ee865a355176.png,)aizz#
e6f554197e2fdc38a2880aef22268cf5b6c4846b.png,tn@@@]
e7ad38590784e9c01237a6623e451cda303ed326.png,]c<g
e7f98206a56bf8086ef5cec783da60324e35cbf8.png,
e95466a8fab41ca52cedbee09b231d0a3387744d.png,-"
e96f3df7e6a8e73674cf960140f8bbf8781b21a9.png,(+=:e]
e97b63e2e44eede0438bbdd7580e71104198af53.png,*c
e9ebdf01cc97842ed1f2f091eeb0b50e8bea0af2.png,r$gg!
ea04aafbfcd7c6918e78b36af22a556f7366842a.png,]l:$p?
ea1a8f91e3bdefa2c3821e9f3dbc104fe3af3c4a.png,%((
ea999b4ad367cf75f03537329df08b3c683a40ad.png,~t
ea9fae219cfe22cfff9fc70a4673605e8552818a.png,]l
eb0d73d94aa6e0ec2bec1c92d8229b517f708e6e.png,g
eb2610288847ec49960864d58761ca135340524c.png,ettp)l
eb445b79dba993603f08b43b9e579238f283af23.png,%%
eb63cd34a797d77c835c0a1ce61cb7294cf1ddf0.png,-
eba35450cb4a56db3a1d7fad6c120c67affc34ec.png,$(_jn]
ec17913023eefdac2ee282dca3f5cc9cef5c37a1.png,gca
ec8394584d2e29475ae6de467cd1a7dc452c32dc.png,)=+<
ecbc5f49be26ed46c80470515a2a03886149c9e9.png,g_!_(l
ed1e1afed708dfb3ae720095e452b591c666b132.png,-_
ed29c5eadcf97f6d0b7a48f2c013861f7895fee0.png,://t
ed39654a6f162b3c92bad16f6c2086b0545e6d17.png,tx/=t>
ed5de1341a009d40406a2dce864a499f74dc643c.png,a$:
ed5e47ed3752ea36c5b512a084d1429da0c87e2b.png,$-#/z~
edb9b93ffaab3a78e4633d8edea34ec08b7451b4.png,*__$
ee7680da451816bdc79e1a7f6b827fec753e422c.png,:vv/
eea98b5c16cf78d34851d5720c0f27271ec96753.png,g&]c$
eec25e93c804adfea735ec5cc76dcadd3343a317.png,!#_)=
eecd8e40defdbb868800af3c5bc68a0cbeed1ffb.png,rjl[
ef9b67cb166dfd06855bc2b7b1a206ccbec6be37.png,:+e)r
efdb45c42817ddff51d0227efedb4814522ad844.png,:!$@[/
f040a087ffc89ec7d75f0a9821e40dc13bed5a50.png,raj^]r
f049c1981d5111a869c759fb85a967df826106a6.png,??ppl!
f05c9e29b80ad99e4a984bbd75a1343b3882231e.png,=%g!
f084eb0846c2bfd95cf0f6cf4907cb089db666be.png,$xxgvv
f0a4a63a68d280bff50553a9ed998d2e643cf7f8.png,<
f0cef8a1c874658e9e35d1df753e6f99cfdc7c52.png,%&
f11cadc65a363ccffb6e8f6a369464d576cf9c2a.png,#t(vj
f132ea3cbf3f1deea9587ec7ac237944261e261c.png,>v_ij
f179d12d00eaa32cdaa8ee3328f960ecadab5904.png,>$t!*/
f1840d7278017360d092880ce048f52fd9acb411.png,"_~
f1be8fa4652312a4709f5d6ac9eae4031a57081a.png,x^[x^-
f23b607faac299945b65bed10534dae45d4ea5df.png,-(&
f27449390ec591a7dcfb09a820dc7c1c125b4bcb.png,+(?cz@
f2cf47e19ff3591ace8ef85c182021c56d6d850d.png,##/zz/
f2e86346c0e715f0678773aa6614b6dd8264db95.png,_##i-
f36c0a75d091346885ab6d9917ac29b88b918dc7.png,]/t]j-
f4544d54fab6d7c0dc4f36b6d1f90ee063e90094.png,ij_e
f49045094d239885d4056e499f3580bafdf7d819.png,e!ii
f4b4cdbf6ae60c019d8ee1f835a1e61181a8a7a3.png,=aag!z
f4c616aac083bfeeb33242766b54c030a0f7151e.png,
f4fb45db841a6212bc35c80f6227bf0f22d159d9.png,v//t
f4fb8f360ca50410294ca4914c77f497d24a71a4.png,*x/g
f5163ea1b5286a57082c5518cb1f61e652bc43c1.png,nxpp%]
f51bb4f8c526859d88aeb84b967ac5850507d4d2.png,p&ii&v
f5dd951f171d95169260e4cfc390b6630492924a.png,>%/!@
f60d8335bfdc393eee8e69bdfdfa721e635c77bd.png,tgg@?]
f6592ccd038fb0cff2f4058c26840e23012438d1.png,/ccj
f673e186b01ae50b1b145ad5b5c4161258162990.png,)))
f711cb83930cfac3ca2afaf6d893f5546c39481c.png,xj
f73d321fc6fa58b8e1bd4be601e324e411f13943.png,?
f76039a00dce4dbbf03cffc0157afade80726ee2.png,&p]
f7df8ad0c1fa079cad5bc515976c24ef07599812.png,l?-j
f7f8c68a8ae78dd216d3010769d75b64e776a5de.png,ce
f808504892ed2a7ae78e86bbc7730c19f1dadaac.png,<(
f8308cc48b65fc0f40df9b898ba81efdd1c83f89.png,/(z
f846b13c297bf12d763b60a98160ba935a194e05.png,eptlz)
f8833d7280351c9eb19e8f41e37b5cab8e1b4a63.png,?
f8fa6bc5c580fdee26b9e623d8c9275480a3e33a.png,)
f956b8077651a5191afe660c4fc74449cdaebe58.png,_a=+
f95877482b8a2609c1b139e067c38d706d4ca746.png,)z^e?<
f976a51ebaf228503f6d89adce6d40455b12e647.png,rj>vz
fad3c75f1be7264ebd60e7ac359ef914c02a7d48.png,@==@+>
fb18b067c1ec397ce62f90c297c89930f0eb19f7.png,t
fb1ad4b6520d04f4726e4f81917c0f269b7f1930.png,pzar
fb71c43269ac62c1752a47db28a7a0d338a765d8.png,
fb99b1258cd04e78152dc045cf4d77e11800e15e.png,z_
fba5232e4baf1c7ed67983fecbb4d4fdfc044091.png,/t--&
fbc8be886fed9777964e15217985310f8cada3a2.png,=::/^
fc3a8ffb5fcb24aa3d23ae9488e9978bf2025716.png,c
fc430adf2d84f74bda4211fef0b95471b33e1222.png,?~~@
fc592ce2278d7a880ec0c7a91de0e94eb9971fb6.png,![*
fc7f4d028678dcefd409e1455866d816ed020ce4.png,*
fc93c406a7484754bc16e8f69405811588afea64.png,lt[jc*
fce83299f064c19302dca16c9a3c2df53359db19.png,ll--/
fd5bb83938b89cc159b7d807630e8696e66556ab.png,<#a
fd71001b87c998a47f35a24241d852a5efcae0d8.png,j
fd90347193573ce3b0ad6ef582644fe189394df6.png,~-_
ff11353ac5266a9ff06f2d8f02e6a1c0a8d41783.png,n%
ff1ebc97a05de8fbff9f5c99184109ee51204eb3.png,]lztj
ff2d220249a8bd19891cb6de5faf23e829776bdf.png,:(rg
ffa31a00b428f8ca042d60bb67c089c92620e6cb.png,![_%l-
