0baf34862c9eb6fbd0b595a510802e714497de53.png,l-n
0ac0996c65b2769405aa2e59192d16ebf482d91d.png,t*^
0cb720c6c77da356e0045d66ceddce5faa72419e.png,^&l$g<
0cc8beab3cb3d26b36b6859535f5987f26cff373.png,^:-e[
0cd66b8a250fd6119f16b24a5825a02f2df385c5.png,t~~
0cf573ac462e788125e586c679a45991ea25120d.png,j[e-e$
0d463caa22757148dd1024816be2607a0a55c486.png,cv!(/
0d5645cfd99e178835a6c44f550f2d563747a734.png,)+-z
0da0ac6f29723fb95f2c6cfada17dc08047c1d70.png,c&*_]
0f005e820f26fa71c1aa9d78cbc381657cbb29c6.png,z_!_>
0f56be51c6f3a7567bda740141adc7985ea4d0a7.png,<t~/z!
0f6758df9e529acd4e8325ac17a44df611e7d6ee.png,#p>*#/
1a0a31b0548a3ca36b26d385e885f8d6e7fab54c.png,[=-e
1ac8b939fcdf5e4660a682f801e87ae9b6ebc2ab.png,*lp:"
01aedd45aa0238a698aa77470273fe7b0521cfd3.png,]?!/"
1cb7bfec27bd31848cdeb8f9e4cee321b2e6d33d.png,)p-&z
1ddf308d80ea362471f807c00017dbf4c6f1ee28.png,z-i
1e15fd7c00f99b7dc8566b9a5cb704189990b2fe.png,"_
1f3aea3a725dee5c53efd1a125c7e63a782ca126.png,(-xx@j
2a65ee4a45e401727a9836668b528387a34ae34f.png,/%ti
