0050c354ff15de2a941ae46d42deab582b0ec419.png,r(
00a46c72a59ef3ba304ad244a78e34aa4e95e093.png,*!^
01035aecdfcf671f78e06512bf6bfe6430557973.png,gg
01aedd45aa0238a698aa77470273fe7b0521cfd3.png,]??!""
02273baba4db3f34219017da9e65d35eda4772bc.png,@<>i?e
0230e9bd4614efaed2ac509f03deb9f539afa847.png,a$$?
0277e03b2d3e82d02a9c228eae4ac11232e76796.png,ie&p@i
02f48df69722ec84fd28efafade70f8179c942c4.png,+!#~&=
033382cce2c6fb3cb15b7bdea609576be8f199c4.png,$tt
033dca6c2a53d09638a90985c80157263eeccab6.png,-_
039f1ea5113547fc98e71db625356fe26fea1d81.png,*
03ce7f70960b5038411d54a817f93f6b5be89100.png,z@@+
045fd0d391f5d1d40638ce1f0577f0d992e1276e.png,__#*g
0475cb73589660ec0adde8a04ac17faca22a818c.png,g:g
04b34ebf1bf40378d4ec3e84be951e18539b8b6a.png,%^^t><
04d33b947112717479465a566e6ba35264b5f91f.png,n)]r
04db51cb8a4fe992a31ecb9815676d8b3741ef8a.png,[^+~~_
051f4b48e4d98732a892e3b4884112e29bdfdeef.png,~~~p_$
059f3b33835a263576949dfc0f1b34eaad2d6dff.png,)-[
05a373dc111161e78e93126c84a018f196a01711.png,r
0604a2c8fbe861f1ba75c4c7e2824fa913cef856.png,p<
069533428f86ceb6ce95d6c6bb4cdfc12d2ac0ee.png,==^j%$
06a8a538b345440f22ddb1cf072952e9771ef4b9.png,:)/##
06aac56a5a72f839b93ec53539b2c22970a6ab20.png,%&__
06ae649f256675d0de8588252d74bf7297d50d13.png,$aa</
07050b5540752c4e88571f449cfba8e2ffc603de.png,(*c-ee
071ac0cdf27569730d72b57874efc4a57ccdac19.png,$e%%%-
078aef5b6f5e2ce49b580193b56c23941ad67b1b.png,jx(z%
07935137d0af57c2887c2fe94ecb8fd229243b85.png,[
07e2aaf1236c98cdd1456286efb600a66f503aa2.png,illi
0801ce94fb06f4db52393e339ee573ceaf611da5.png,<==)l
080dfbd9cb2ad0940c0629f853d854528e00e13b.png,p^!-
083c1f9822cb7729a8be1ac044176acb647c1c4c.png,:l-
084fec873292b8944e1a86bfcb03d941f3cb7f16.png,#<trg#
088cbd999d4c3e4dce2c2e8fb6f357aca633cc97.png,eeei<
08a3dbe5f0e04b001964a0602f51153e34d194a5.png,?(llr
08e8519487bb671dfd2272e57d37d3180063f139.png,)]#(
098bc1d9aa74c09ceb96a986acbb8d85155dc063.png,el=
09d6e95f70840583ff858a524a8218efd8bc5794.png,)
09daaca72080dc95614a34a52d88799a3e6263b3.png,>zz?>
09eddd9024edfdda5802128b84100958b3ec8116.png,^&i^p
0ac0996c65b2769405aa2e59192d16ebf482d91d.png,tc*/
0b6830d09898f2cb1abcd77d09477834374ced68.png,^v
0baf34862c9eb6fbd0b595a510802e714497de53.png,l-n
0cb720c6c77da356e0045d66ceddce5faa72419e.png,^&l$g<
0cc0d3212a7d9eed5e4381b35ebdef9e5d520761.png,(i<$
0cc2f82809f21ec34836f4d2053db978fa0f3ddd.png,##?!!
0cc8beab3cb3d26b36b6859535f5987f26cff373.png,^:--e[
0cd66b8a250fd6119f16b24a5825a02f2df385c5.png,t
0cf573ac462e788125e586c679a45991ea25120d.png,j[e-e$
0d142e4efe69bd50436f4b96aaa82bf9d918ee10.png,p#e
0d463caa22757148dd1024816be2607a0a55c486.png,cvv!c/
0d5645cfd99e178835a6c44f550f2d563747a734.png,)+-z
0d8092dc8fdaf8a96751743d05552627559d9bae.png,ee
0da0ab598222cadda2fc5e726df3294c4b5bf511.png,g:
0da0ac6f29723fb95f2c6cfada17dc08047c1d70.png,&&*_]
0dddb70af5740aa9ea24c0683cb7345e4f342c3d.png,?gx
0de0c49ea2e06f06cf6e9776e7e70770e2c3a78c.png,[)<
0e440537ffc544cebc2e5d8b70ccd94a8da27d21.png,z
0e8b8c9b9d7fc216d97e89b5a6527309af315911.png,>
0f005e820f26fa71c1aa9d78cbc381657cbb29c6.png,z_!_>
0f548615016fb1b18d6d652fdc4de61fbf6e3198.png,&^>*
0f56be51c6f3a7567bda740141adc7985ea4d0a7.png,<t~/z!
0f6758df9e529acd4e8325ac17a44df611e7d6ee.png,#p>*#/
0fb55fa081e3823fa71c231dfbb23916c7fd3910.png,z%
1001e25291ef4d7114aff99b1009534da17f5466.png,==a>
10351c98c53544afdf7347caf6ca2b17dc4120e5.png,_
10d0903b4622299206f895ec63f833a3f86cbb47.png,n/nnn~
10e7ae9db91540f18e49a192448f67edcf31f57d.png,/z
11b64abc3a705b321a939496fe23e91e9300d429.png,cni&])
12a217fde98b4bacc77a77d376b3c0b350a800c3.png,]:
12de50c13ef88794ad8c60e6b9315921417b0ac2.png,"#rrx^
1306b30f40eeea1badebd56a24c630e222bcfae0.png,*[(
1320f590bec48695d4f5a8758edb6d1b7e6ac4fc.png,j]r==
13a37d22e2269f4de8fa4f8c6e6c80d80e8c8931.png,
13aac8eb5f2f1dc5223a3a23df3cc3a66311890f.png,g:
13f1e91bcd6927a8fc25cf7ce21489fc7bb4025e.png,@$[!
14239de178c27af38650026f13fd4d79cfac333c.png,=i?x(@
14ff900075441682bd2b9ede7f1fc2479c48b875.png,e*??l
1569efd44b395923a5b71b770515db372e816b94.png,!+)@
15dab608056ab64f09530209904ac97063b0a103.png,-_-_
15ea1b96af8495468b435ef223e3c18418f38b86.png,r>v&#(
164360a785c4af21c60a4547fe5cbd78245bd85a.png,:%@
16c954efca278df29f0308ccb4c39dea57c11788.png,::[
16ddaae173923c8e480ba7e193cdc44c88253700.png,&~i$$>
16ecf08adf557636dee46fe84539efba6d6557bb.png,g!!!#t
1764cb726e8c8e588d27abb0dcd33796b2dc1777.png,r=#
17becfdedc8216fd2ab2c2958c94bd3d95bdc9c8.png,
1812e4c3bc49749f62c9bcb859848489201bb1d0.png,::p
181e42f0048d7d8617e9771e40cf20536f70ba9e.png,c)x
184d5c8947d442c019dc75402fbd37dcc4acd794.png,$
188181ece94a54186812ab16027adea46fe9a252.png,:>
1881b7523332067a9467285995117e3a6b4e7663.png,%<@z_+
191abe2f6d95867226a48fe578cc778c7ba815bc.png,/
19b192bad6ffff703d24560b147663bac9776306.png,vv/_+t
19d46d8c261bda9b7436d54669f1d0ef1b878ab9.png,i!<<a+
1a0a31b0548a3ca36b26d385e885f8d6e7fab54c.png,[=--
1a0fd5a1674dde16d3c0cd009f1cfe78bd4b07d8.png,jz%x?t
1a1381bb3d53f5293eb4a314f9ae6e700db06280.png,--g
1a5b9c54717e6235ec9df3e46ee910efe8d1e43a.png,c:~
1a95eb8669eea8b2c9626850d1d4f2fc43a7650c.png,/<>
1ac8b939fcdf5e4660a682f801e87ae9b6ebc2ab.png,*lcp"
1aff99718f819826c425ad9748438798dc18c0fa.png,?n~a
1ba1be0c8bab71f5a51a744fa018c8084c587475.png,-
1bb2938115bb2efa6588784a0cc0c1c1be6452f7.png,x:?-_t
1bd89a9b9238610eca09c66b3d9c1a9483f183a1.png,>
1c125bf7da50a4667d26896d72168782cbbef9be.png,/lt@@a
1c9050d9a55a0109f248885690036c79e67a9a28.png,-
1cb7bfec27bd31848cdeb8f9e4cee321b2e6d33d.png,)p--&z
1ce732c661fd0964cefc130092200741105c998d.png,z:#
1d2dc00a27d4f5d61b4054a8cb80476183dac840.png,<
1da72e4004a4e0f9bbda8a5b103c1a336d3d7c7f.png,/<**)~
1ddf308d80ea362471f807c00017dbf4c6f1ee28.png,zz-i
1e0da67268cb169fd5968818170773e0a397b974.png,]%pp%)
1e15fd7c00f99b7dc8566b9a5cb704189990b2fe.png,-
1e9c5ae22ae818946e6044605e1cc156624e599f.png,(
1f089f779b13beba91b497b4ef04701477e2c738.png,"#@=
1f30e19e6d8e575bd310416b5ab3f5a4eb0131ea.png,_
1f3aea3a725dee5c53efd1a125c7e63a782ca126.png,(-xx@j
1f72c199e315316e81980f3c412ef8ffe9a07e80.png,a)_[/[
1fb3d0152d85eb1a759ee5698c134d1977318024.png,(
1fc7d314686f27fca0b5da4e5e568cb3c373162f.png,@
1ffd0edab5b5c52ac5fe64a71e424a2f34505b4c.png,+(jll~
202e3ba13f230249a177b3db4c76115ba13b6f91.png,lzpe
2060b86a5071fe5c69c0cb18dd482b4186664274.png,xr??[!
208b2bd9b446177c2c5e085f70563e63ac7a2931.png,&&_pjn
20e198e4365ca29bff0acaba61203cacf93e6283.png,@#>-*z
20f0a4fc5f2bbea1d0ef7b20b3e110ad7ef6cb29.png,$//#"
2134c146b9a53e42db50962c20026c438daa041a.png,>
21837ebab00d96df114e82f8a6eb218a9f342831.png,]<->@!
21995f202b664978e0d90c8cb526ea25897644c3.png,=i~j
22709916970f09fb59d1352df5519b251b8b2126.png,_@<
22757dd0ad685f3df9b36c2297f080d804f15245.png,//
22765ed9f0d9f25dde662d34cea405a829ac23b4.png,)n(([a
23279c9ae81097c06218ce080beb121698a19ce0.png,/n~+^&
239089192935faf6c41a3e34ffc56e213e409259.png,jj*@/
249583e812448fa74e388b18a555111fd7717cc1.png,-_(<<
24c83697287d4bf0be28ef2f3934de079b2bb760.png,:-%j
24f4f21be1d8aaed8e51ca0433a8fb485a8f6e2e.png,>>>##
2519d5fc02398e16c22c1bdca88bf05e0e5916a0.png,r
2582ff548b3742bdf2ea520e1f866156436e5242.png,""g<
25eba3972d6c706ee836ec9fcf3625f583b89d50.png,=_#xx
2608d69c187c71424271176aed74cb9b31729fcf.png,!rr")
265303b3bbaaa3be06c216d1c9070e3a568399ce.png,-a
26cf76552bbfd21c33ba4efb0d4139aecbd9f03e.png,##-
26de8d60e3a7b0a0a20d6ed6b89b2d07bb165c8d.png,jt
26e642ffa3e253f4f4bbc6883d0109aa34d29577.png,_]
26f6977243c4c6f3c50655731287e0e61169301d.png,#t<>
26fb23703058b13ad01c349149380ea6d105c209.png,?
271080524424ef1a3a1a1652aabd66596b1887f3.png,=$+]
272e4175ef8b0d8e3f8de8677fd75d8c587dfaaf.png,j
276437644741f385f352d0b0093a4adf85eb36cc.png,z[
276b83062660a458bc24b1ef10ceb41402bdc51f.png,tg
27a4509e834ce77cfcc37624a883309ce3148ba3.png,--@>??
27b1f24ab776488130eb212fb1447939297c736d.png,&&==
27cc4bd204fe23c641a04ff4af0cde7a44343e45.png,*##=(
27d6d8e6171d4739a18c6ce85181cf00f8de1b7a.png,<
27e5183cdf3f105521a8059c8142ca9d8cceb047.png,nrer[
286249b7f89781bd9bd52c17a394a965df7145b8.png,%v?*g~
2893cf177d70e6d25c9f07c90052f75fc66cdae6.png,<>>i~
28fb67f2c96426d455334795c075756a11d5de7f.png,i
292b6f499271aae417221b4158512005938b12b3.png,[<n]]<
29538417bd6c906d1bb06155e2f6afaf4b2bf653.png,tea+
29c4787bf4a114a4fdf664dccd073d6e260e60be.png,]//j*z
29c5017fe10a7f1002c620f7e6f984b7fb952188.png,$&zz+]
29dc31477f35e84f5d5483be284b36b68f4b8e39.png,rp#
29dcd56fa4daefbd728e26cf4fc6aa5bf8e5d246.png,c?pn
29f8f5ed9ce331f1a2e03812022e3efacf6925ac.png,ie>??&
2a118addaf08c5220b1d1dfa2b92e76155133456.png,!#*/
2a30729a8faed3d066201bcc53eb36ebc7e52d7d.png,_ic=)*
2a61abb10c68df8ccb1adb9455649c5996d35443.png,(e
2a65ee4a45e401727a9836668b528387a34ae34f.png,%ti
2aa9599d260d67ada1827b3df09a930448d6ccaf.png,-al!
2ac4368dde06918a85731b834237f2335597503c.png,t#?
2bcda2009ddd09814ffcb5f1ac87aa9517ead634.png,p>-/
2bfd0a94690a4f312bb51fdef0e84f9f74e8f066.png,_))+
2c37c565787ce0d45ba5c8b550de8a834a01b792.png,+x#_
2c4e5a8a1c70f46c00c83956ac69557e6a5e8f04.png,
2c7fc6c87f5f3309858934a9da8948f0d2e38840.png,"[==_?
2ca71e9ad8eccf314fe3362b0879763ec2eaf028.png,
2cc2850ade8fcf37b9b6a5439a98e77fb9220094.png,l)le
2d83ede635545287c1830dfb00b38dcdbb5f77e4.png,iv-
2d9652ba258bb112cfe901124ced8578d48219d3.png,=?-_j"
2dac36be483bb35d17758a97ae60545767e2550b.png,^>"*t
2dd9df8dfef831fd477be07dcb15e0e9dac35722.png,iap%)
2dfc9267092ec54e27588282bf3fd41bb31a5bef.png,)<
2e2ec56dce5c2304583e040012b4b881a8c49984.png,"nc]&
2e3958eb4ffda54e030d6e835f92ab2a7ac76515.png,++--%
2eada991db43c3ea4d01c089c0d7f4844db04fa6.png,<g//
2ee44f2046d75d7c063a595cc5fb738ed407f502.png,_--
2f1f09e41069452bba9b98a287a769090e98571d.png,g))gtn
2f723dec108e4b12a22f1953bbe587e8227a5cfb.png,>(^__#
2fef4961234667394fc769df2972f0a55c87de5f.png,t>>:+
30695a8a1daff8a559caec4ef950e91318df5350.png,/z
30ac0280eb2c76e26f5690567b755607f7342d5e.png,
30e7c4681bc8ebb8feb63c10611c7289a5f61682.png,
30f48df4eedf6672a0df2cf89888dc01baf62c51.png,!x[gt?
31c0b986d718b0f8d10dc98abced7e4d3ea51346.png,<<
327d37b153c5addb2410bb7a4bbae607f7f69caa.png,&_ir?a
3290378c353ed678cbc48bb2617b760f7a7b3e24.png,!n!*%#
33509645b39c00da6d39a55bd70f837fbd1812dd.png,x:x+lz
33af22fc219c7671bbccab432dd69f056ed2876f.png,p>
33ff56879c33f07d81fc34cb9e732e2359e661a6.png,_?v
3446d73bc7f945c743aba50e6b3f945ff9a6e68f.png,n~<<?z
344f9ce4e14b45cddfcd83013543642a3f6a56a7.png,
3468c4530e9917b752f40b3059233d3a7ee29050.png,"jce**
346f7eaaae175da1755757fc0c61fae76576c5b6.png,$a
3486dabd496945de9ef07f6837afaf65fa16f08c.png,>[<<l
34dab79440caa2dd55c3d5bbd0054466e28aade3.png,->))i
34df39120581c3606af060de385fba72db0d83b2.png,-[
3559356c4486bf716375b49709a0fbfe8e67be2c.png,/
3590fdea8a8ba657f797f034302f9c111c4959dc.png,=l!)&~
3598e6826f26739be19b9326cd1b0c42488c2d45.png,
3665b8a25de540da023f98370fdb758641e46d36.png,j>%e!=
3676d9f6b48ed04935dfbe2b062308aba4290e3c.png,cp*-(&
3678e3a8bcd215b66a646d477dcb01e6c4d4bf2e.png,&%::<?
36b5f837b5e65e2066bf4c5c407ef0976361f68a.png,aj
372db22eb0eecb070446fe2923d4578c2d768b1b.png,]
376ee332324fe18578df26c810fb091369e9c41b.png,:)
37778a701a4d8846a579e11fe966317c17551bab.png,>>
3851d65f103895a78a92c25773bdfd8a7bd702f5.png,picc~~
390a8c830d7bafdcafaba928e327097e87f5d6f6.png,r![e
394f400569159c9c5b71b5cdf75c9610ceb7f0b8.png,a@/~>)
397c7f3da291ff635d1f142a71c1548e9dee8ca1.png,-_g
39e8f9cca6ba04c52d35d3c5656e1752580875f3.png,)$a^"!
3a10992eb5f374b9990089c67c09b6314bddb4ef.png,z)%>(
3a3270b63e0f6eac6bbc8df4a1db0c707b95d152.png,(
3a792d042ded1f856569aa157a0cfe04b0b92089.png,ai//&~
3a875aabc2867698ed9db18c9bf91bbd0fdc472b.png,&?
3ad73df13d221a67020ca0005781bdb9f17911ba.png,<:??+
3b35efd78776e950293807a4cc34e8245156ea5d.png,##(<:*
3b550342dec5149d2b7359a27da7fcd53dce32f4.png,"@@ctc
3bf84c6f929d21b44eae71cb0be8653788bfdef7.png,p(
3d0179c3b98ee9b44e8ad4a1e9d61ed07812c4eb.png,$$gj>
3ddb4bde02390d9e66e313a1363862d575684159.png,>%!!]
3e0018620b7adc3129c3cc713737a0c4e712e659.png,=>n%eg
3f37c5da2951d2c50c1f5090976dd757a1157c93.png,)/le
3f9186a883a6938805d0b79ed936c0f7eacb4f4e.png,]$(vg?
3fa01eabe69ba7428e2a91351cdfbec338ce3f8f.png,e
3fb00911c8329d792e543ec930fe9722b408e03c.png,e^i&&i
3fb57dad167a6c5873fb695c8eca35d60dcc91fd.png,tt*/_
40080f5caa987a0fc1a09483e7700a7118206409.png,?p+++&
40c2d96071fb1844f1655f79d000aad0f4cd9bcf.png,#<%%a
40c73ae7de9c36356a483ae9f17d82408253b92e.png,>(#[
40ff8c5320a9d159445b02e407e2b6d84074fd35.png,izz$
412ae7c8bb88b7876cf2839605028be3cdf87130.png,^r>!l~
41314d1e4bdd703316d2d9aa2605758eb977c4af.png,$:)=>
4157d881b286fa7fb12b0bb2c14ac33730a3e670.png,_l::*#
41c0504f66023a6648ea7563be932d86a5170d9f.png,>+
42664b3cde1ae8460121de422674d072cb5853e3.png,cc^:(
426e0cbbb1b184605aa6d4502563190faad6cca1.png,<g:((<
427e85440d7f6cb03f26cbe2321aed9381f27bf0.png,pp>jj#
429d5c23970be4a7e6edd26b6e8ebd03f523d4fc.png,:=%<=^
432aefb1dcad69843530fb3f8dcd0c4b7263ccb4.png,--
434d41eed4cd4e67fccab2421e110b7ff05a7d52.png,c:[i::
434e81175055cd5f530d27e9da50f6fed67f93f9.png,)p~!?
43cf8975b3db409353d512220479a324ac81d19a.png,laaa(v
43e3067709629f0e5450bf030ba52a2b3581c164.png,<<&
4404dfbd699cce606f074551861ee3c36a7be759.png,(
44725a509f6c9541b5af51398fa7a87022449985.png,t!!=r#
4475240e2fca6159f69e34de591dad5ed273a69c.png,rj*^xj
449a8a473015423550e910d4db127956fa92f7cd.png,&xr
44cfc8109309b4c196a0080cd528e3fdbe9f4550.png,t_@g(+
44e55a1ff35a7904a4a0d10afc1c62a33e98ade0.png,pe
451a37f2c79910d0449823a8b46f9995360b2548.png,?(/
4520116123bffcf04fde51a9687cc363d17c9d21.png,%l--
458450ca4a4919581116210bb15bd27be29787bf.png,e
45f2ab7a4b8c4932ea954bddcdef7fe8e738f635.png,*~jjj*
46045684f215105eff3b2521da2176805e1f4ba1.png,^[""el
462eacb0dc5ddf02c7af4b30c55a2fdcbf5f1a22.png,r/=i:&
463c5e59845ef6ab6d30e1f5475c1ca11f87a799.png,"/r]]p
46a630b7cfac92f6ae1e81a77bafa1bfe26d6060.png,rei>&
46e06bb0b4dc1642f49f46b445ba44b88c87242f.png,!tcc_e
478f84f579ad262e27ac85c50365c25dc3e34bc1.png,!
480fe5554d0fe4be4b04a9b5283338a113564978.png,n<<"-
4843b4d787f5ed22eabd319016cd55d235e1f819.png,>--
489bc16eb0e6a8cbeb10927b52dd3f6440262361.png,i~_/gn
48ef806d6365b5b4031968b51636c080491f153f.png,_-_
49aae01c3f8207452914dbb7ae54a3b70fb3df07.png,:_-
49b801be279d61b1c6be810bc8c86c4b4724d37a.png,((--
4a112b4b4128f878899bb8cc7ffafce6650368a8.png,tc
4b0bf1f1f8720eceaa65dc086f8135a0919518af.png,_c=!n*
4b4f38605273e4ad9153f3bb75fca2d3e5b6704d.png,g!!j#=
4b5993a5986d21a82f4a1e556233f73e3415e936.png,
4ba2f038592518979371e376bec709016ec8a9af.png,p/^_
4bc4d9811a6a9dbda227e48512c55ffba289d599.png,arj~i+
4bee4ae8a38b785e7fb517dba9a3b02b17202698.png,pc!n
4c01f02910bd0a6a59096a09bfaa3355b930856b.png,&@!x__
4c13fbab7ec1b2cc8dafc04c510b40a654d2ae4b.png,]+(#
4cd4d178cb4e9df99c951aa05e7ec7707c2711a3.png,=@g^^a
4d34af8ba6030500f36b188925236530960510d9.png,@z!!<
4d7c7f643d18282ba316d375e39cd9abc810cab6.png,v*]
4d8481725122eeb747ead321ae817d3db0336854.png,gg_<<#
4e0cbaaf7cce56972918c6d57409764b659c3772.png,~/^^*
4e4c76eab27bbf261ed32c623f402de4647f6ffa.png,n[rre
4ea819083da1d16cc09859c2ffeadf064b889fd5.png,>"
4ed7b8b9db5e2d6df81ef009fd1573e0db19cf61.png,_j"%~!
4f16c26add0e5e52e5133b88e8f851c9680c7069.png,+az//n
4f3847daa5644497e7c9618a8f2b9a41d52193af.png,pvr&c#
4f4e9d5e1f95e3e33ad81ff0340599115cfe02ca.png,*?epgt
4f52dfc1485b64d0c7f6adc0eedb4a8dba62b71a.png,^"&""l
4f612e3e8f9c2b9ca8864fad498165131e98347e.png,==i
4f75d96a19b8a4bd59e101492367f66f9878a415.png,/&
5034d83457836301bddadb10288c9cc2386e09f9.png,+--p--
5044ea0d6c3d62d881dec28ca64fe912d38b0a60.png,__
50c8504ae4ba1d678c5a9eb1320fbb0b07236335.png,$$/j?&
50e2c704420a76ae698b57a093ace98d2951771c.png,c_&:j
50eaa637ada3a4deb4467aae3b84da90bb6c2a2f.png,=$
50f94b5e8341cb16e483f266943e7c73329b3370.png,gg(]@n
513908ea06a0788e063988c7d1a8a8dd785fbe55.png,"v
515e713651f2cdfb7c94c7ee1507402079ae94bc.png,-!%*
515fc6b3e30ffef59803bc5f5434b5172bdb74ca.png,
51c10e6d4d2c1238aad060dcc988aafd4fe0dbb8.png,+p!
51e0192f258c92e16ae5fae39e9be13767f9a2c5.png,/]-
526a1708b65c8a1a935300e2e7416f293797add3.png,ia&
52748325f5ddb44957ee8381dab0836db40976d5.png,?p(
52fdcf989ec5af53813accebb3d23688e278d565.png,$^*+*@
534b321771235cc7812bc3d62d6d42545ea5d472.png,c??!^~
535e56d5562cfa0e5b77fdb3c96ef931d64f025a.png,eer)^/
536ead0e17c7701c4aee832cd1c29dfd50e6e84a.png,e/<
537e182efe0498f6f50b56c3ab2947a3b0c9b5b6.png,-~^
53b229fc7821bcabbcb95c48a6f19c246affd079.png,)--
53d3f67c0e161c85718a27f222e72fa3d350543f.png,$$j_#
54605e9b79f4d2adc8b3082d8c2a16e4fb707120.png,ejagg=
55180a2c4c0871d247653104f40c9a63dc7fff8d.png,%"l
5570d5ff41c0e204abb3c9fe82cd77cd18a5b1c4.png,l(=/
5575a8ba145b5e38416c35a22e257d4fb09a28b0.png,)+=%(-
558d85597f9bb41379cb971dc40417b3c345d530.png,r/"
55fe9ef3763b89ca8b436f600b26d6765d67b492.png,t^<<z(
56872d801b9c36abeb3a51e356f57677d8430c71.png,+#g@?
56b6f89da3331e6bb2a2840214b4aa57837be951.png,"!c
572bf4bb5b26db5d2853f9d289e2462c64376be2.png,
578ca19be5fdd27cc9a97c9a734eae63c1a74306.png,l!!#)
57b4c33f04eedd0710289c806a67658dd0af82c3.png,^"zge
57bfba92ca5799bd6a51bd32259c408ca98230c9.png,]
58da4726e0373919a378fbf735ec93b004f0997f.png,)
58e9e40b1748c82cf1b292b11b24f7ea7c6e9b64.png,g~~$$:
58fad5844e4af56b57c0d195664e4058432401a7.png,+(g~[?
5a48f1bb96bdb5ba55e6bf8b9ef3cc9a3da229cb.png,a
5a8672092867413a1002a6fa41b613af39d973c4.png,p(~]
5aa02af9af0770fe352fb8d4a273d32a1e661dec.png,
5ab7dc67fa15294936bdc40c59ea02f80028cefe.png,z&c)(
5af962a4bc207c2f6c67704a4ccbccaa2ea86600.png,aa[
5b0af769affd579f766dfe94ce6d4c285616eb8a.png,~~jx:
5b252a1caa349758aaf449486369424d04f10457.png,n=="&
5b43660f9f8e9016a8e37f58659d80884daede47.png,i+==t
5b567cd03ffdbdaaa5aeb4f734a03ece9aa1bd6a.png,)ve=z!
5ba8d08609b010f6b837e4eadb2d3fddd81a86d6.png,
5bd02888257dd52faf7f6b430cb449f5249dfddc.png,:@/i_x
5c2f46bf0bb08fe51f3af6e15cb3e71bfecea43b.png,[[=
5c84fd4396ec98375dfb2fac21ed335629f0d0d2.png,ll&
5d16d62ac0a136acb981af313b0243432b26005f.png,p>il^x
5d4c4181a03cd3c20f102545313d4020731f1917.png,!!
5d526b6609cf555bf90fae921ef14519a1f8f430.png,a_giz/
5d584d226af88d83d0526c93dacdfa78b0459eaa.png,x)=n
5dc571b6b3d7ba62436ba66bdf82b914cd302677.png,-[)]>~
5ddf8ad96634b02b11d1ab704fb915a255837bbf.png,)
5ea88f809dcb900e3e36074970b5136760d8567e.png,_rxa#~
5f0bccd4faed984a6c6b8b74ed7e9e652bba2ed4.png,/ee+
602f3b89eb2b260af11d6a30ab8ed3e79ace0bcb.png,rjj"
60374364b8271f4759964b36943717a381bf22be.png,x<
6065f1863f7fc54a083b0769bafb1d90bdeb48cb.png,/
6079c88a94ea666976606e8048837771559449e0.png,?
60a697d44933008bdb55dd328f316f80da45b231.png,pgr-@#
60b0ed954da2464ab88a02289c555ba08f0e5195.png,-p)$
60c7920dd1009d48f374e11fd523358d14938d58.png,#
60c82236076922882b4408eb11add7ce01380961.png,*?aa*
60ec3f5a63940869f81fc9089b0285b3d392c777.png,p##g]*
611dead38a7a835cebef9c04c65605dab90d7dfe.png,==%
6126d1c9b5edea0eff458092f5acf350d66d9de2.png,zi)zz@
615bfd5430eaa165914f423640ec40c6a68bf1a5.png,jc""lp
6241fdda652b0b1045cbf9850bd1a572066f6e55.png,<:&z!
62746a7d88a8b595239471e9afbe9696484a01ea.png,^*_<lz
628b9f732e0c3be2b3d276407e8037fa8135dbc6.png,zz-/#$
62a7649579bd1628be6a6fb7bf1e3bd3fe966d24.png,l**
62cc115c0b1eab2e6d6b46d5798ccb21f985ec31.png,
63016c898a9961b5cc9ee24b45008db5c7e29523.png,_ll+?z
635e8d7d3ca6682351f24d7b9891ecefffb6f281.png,[ii:(j
63756a9c3f2ed76256ac49638fe842ddbffb9318.png,(ti
63a17abf3e063899377e96d0aff518dd5fb837a0.png,ta##e(
644d2dda0da898d544f40bc36172bb5de73955a4.png,%%[@
64836be05f31b83e18033bbdc3cbd2feb21c66a5.png,n__i&e
64d39a972bb731b65dcc2b69f3682fd368ce3ed0.png,r((l:
6582769a52a106e763fab6d5286911ae0f9554e6.png,z):e!j
65ae752d16a5388828ff133185290c8f379edbcd.png,-j#]*g
65d7d00de27158442c7d7fcc78e990e516cc48f1.png,#---
65e7f173f43afb658719a9c6d44097d26e385588.png,+:==i
65fb1e67f8db9906a8988c98e7469ab3004ef240.png,l<*_
663fe19c37ee392c5254a5fc6fa71d31ff64de47.png,%<)
666a42d49ed1766776e16cc1ace0e1c3031e1d52.png,-n]i^v
66719800d56a9ce3ec3059ee436578971ddcda33.png,iie_x-
668679864f092a576fba734c9ccb35c49521ff3c.png,^>>v=j
6706a1484f0f4dc980e2f489f6988421e1cb49c5.png,)+&v#l
6743bbaa9e96412c124084314ebf393633678235.png,)gcc~e
676cb13a7aba5097af1990b4cd618537366dc0d5.png,*i
67e6264ae80b4c72c852d71d6c048750abff6ae0.png,[[/
684701634d1b56d8706661153140f3f4ff3a4693.png,ie_
6862a08e5f77cb22f82cdfc524c938f023ff2306.png,=><
68ae3a523481c550635f3e82d9df725e9e0fdca3.png,[/"_vx
68d805344cc42306429a73aec027e7375286e6b9.png,[
68daa39de448940f07314db35cf135a5f4e7c2d1.png,]n_x%:
6943887ec44cf9226d94f4b65e413451a3682bb1.png,-x!!a
695af3b9db8dbbb57277997d1e8ca8f6cb5c853c.png,&(><
69af70b76c8f3d0cf94e4663fc5de4add818b01e.png,%c(~
6a3919d0be955d3eb5c3a96ed8476783499c6a6f.png,j)
6a695fff72e5f0919f8dae22ba6f22d9fc4b30db.png,=a
6a754ae407c62005dacfbbd97e1a53daf8cb773f.png,
6a949b1aaeb187f0b1439dd64e6c5b34442bcf74.png,-_+((
6ace0616af2708362cc07f309bb4b44cdcfb442f.png,_$t!
6b2aa259d31fd281525db6d462acc3a9195e606c.png,/l#
6b60a43577d99a32dcb63afa4a1316d39849a361.png,]r::#
6b76f6aabc85e6d213ff169d9c0e6e50206e792a.png,~:=!_<
6b8965199feab125b6bde3e59a9c00e30ae5d022.png,@r)$/
6bb79545e011814412924013ecd306223c03b5ea.png,--
6bba3a7f6c20f3534279b6695c08167661df231a.png,]nr/]
6bc1ff95b87db79b0bc9456623d67b967cd58327.png,r#^[$c
6bc987fe5772e1506d4517d2fe3855121b8a5b04.png,jx~#@i
6bca71aabdab090eaffce8b4e743ae36edc893fa.png,=e>>x
6c571a07366e6c98946e6a8340f874f60c4fe5dc.png,(v/@:
6c8c5380485e59d14687918766e61783b4493b71.png,[#
6c8d1cb9a517f1e546e0162c580fa61c834dc054.png,z=l-%
6cd5f5bb4ee99decbc8ee36ef26d2ba64146fd03.png,r-)=gl
6d0a3724d81a7b54f273355f6165602a274ca170.png,r&
6d2171740c2b8136bb3955c1839cb776050ea6e4.png,llc
6d5cbc69f53a9724fa9d23d91cb8087a190db3e6.png,>
6db83e1b75afbb34b83ecb853f71648ca026cc81.png,$$%_#
6e4a0a6c20de81078d6e36fb14b3f879cd57dae8.png,v--i
6e726fecbf36d3ac57730a7af7fd00cd4c5b5ab3.png,lrr==e
6f1a50f0ab225b82f325bd7609c97c58782a6f41.png,>!
6fa1eef5fada2dd9575b690bda34504b1e175cae.png,/"-l
70166e2b2fa585cc836feebea7063316ec93eb15.png,-rriv
703c32d7707864fb595e2ee83ca0be20752f8934.png,=-j^t"
711c1b4cc4d44aeb8e43e292586d3877526b7d8f.png,^na>a&
714aef4bd8aabb55175aaa097e5342440431931f.png,<<%]r
7160857fb950301127a5b599d64b17db4281662a.png,+=)?e
7221ac563754c2028e97163ec94b5aecf2c733af.png,g%%_@
7249879f8f342a843b5ea86224c03fdb06cdd579.png,$niit)
72bbdbfce67c024723074e167be504517f6c89a2.png,tl(?a
73000164e244fd933cf0da9623b1e586f9251290.png,+ae@a=
73028d5b6a97091c21bc4c7279aed2d9ad3d0313.png,@&i]"(
73b02d5a3f5aa4e48409c591b8f4c0c84aab06f7.png,[<vv@*
73c70fb5faff4189ec912b6fb691cfc54129d721.png,?c!!
74b35a6857131b73ffc8fed5686f84faba8d3854.png,gg+g
74eecf5a0ed6e24873cad74500828e94e9e63363.png,?__>
753d80a4c8e3b78fe0df572a8ded78b94ce12714.png,~!(v?$
7544b24c37302a9170a739f05974a277332f06e4.png,*$l+v]
756d5dd17bec544c7b350d1e3610791755ada662.png,j_&&]
7583764ae83b41cad07789bcc7f1aa045e6e2f1c.png,!>#]]
75c8d6cbdd76ac4ccde997807f46f9bb6b156c13.png,<)j->
75e26432820c2b07fa4a404e3611af1d741d0b5f.png,&l
75f4524fdb09fec85dec859f481a153d2d581724.png,ea
75fd0ff8e6351f8e4cab0ad401bf909813d8c248.png,nt?z""
769af6ae2262fe9936c5969ef7d09a9d1be8fa30.png,p%)>>e
76a3162d62cb9ece65886f24175ee3982464aaba.png,tj**:]
76a7317cdba1b1fcf6e391b48c92772509c09ecf.png,!%r*~a
76c3760370180e83c21c1b1d156857e5a24b2cb1.png,"t@[^<
76fa4dd1ed0d1a8c5afa7e1176004461861e0901.png,#*(
76ff05d741960ef2e29fcb5a5411dfd4a01fb583.png,&
77b659ce5cb9b8dd8de21f9ef58943e00843ee36.png,?%g%(@
77ed776af8de66db18b693d175e6eae5d52210b3.png,gg[x!(
783e76bb08b76f93a1cb616a35d42d11108942fe.png,]]](@
789b45e1c1e00dbc1efde1efa01c51b7ed741f10.png,__
78d7e1baf40b99fb9bcc696b21e735ea30d9d3fb.png,-%rnn[
78f40199d9b8fe7e707d51aa38209c5c92ee44a0.png,*>>n%<
791b7feed6ecebca14e60e8492b532a308bc9d4f.png,!
793ad1e1950fd51d5f3fadb7e7b9731abc1bb473.png,~?zz#g
7942efba3136d445bd187c4b9d84703afb8ea462.png,p__]("
7950637d10427d6fabb31fa07875f9eb2c111e9a.png,<ppzp-
795a0756d1e932406f236ecd80d2c4d778d24ea0.png,ic
79953991ce22503f892b267afed87ce4c89b40be.png,=
79cb2ba1b3077b77673d657b4b89e44d588ef009.png,-))
7a6728200fb00b679b1fbb0530776850d17e61f2.png,aa$
7af5fef67c4c0f5939ea51a58c1ffcd620957e25.png,_
7b0f3ab2cb5525b14bb93de31cd93f145617828f.png,
7b2e8cafff207ae5d85cd9dc7c2b301c624948e6.png,--
7b3feccdaa092dcce441998bbe8aca4c195a8f60.png,-<
7b51bce1f3773c8f75f55804737b7cf34ac28fb7.png,
7baa49b2811c95820f2596cd1d408481051a74e4.png,(@~_
7bcd3bb943d9cf0845cc65bf7982cbd12d77ac79.png,:t
7c15c34d2bb662100681175f3504b258c909ce05.png,/pge[
7cd44f1a8b3230c620c1d8761c1536d16b832f99.png,r>*_>
7cffc017a7d8fca75a5c86761174b949fec46a21.png,v~>~~"
7d9276b860e29c9a4f5a616a52ebe485081f2ad6.png,%~ltl-
7db02fb074fb74ea43f48722ff6cddcfb2ccc972.png,<)_
7dda8db7fbe19bc75a1ee310faa46ea39ca42b09.png,?~gt#e
7dfdc440728dad75158c876adcaf5058dd5727a5.png,-!:@@
7e34665ddbd7887e8f546d17869354d53b35f7c9.png,ea--/
7ea24210d2541e145b8b34e06bd02f18171ad0d6.png,[^gg
7ee19f9c6070daa2c2c18580e26007367596856f.png,e@@$v$
7ee9496670e44fa729f6eaf51e5112b80805f073.png,=v~?&r
7f896b97725fd9f5ed73368d715e4f04a0f1c881.png,=@??>&
7fa232f8f0998bf0f9b5c1e8848d982c5c36da80.png,#jj>=(
7fbec4d51c71e6e2e60b2a1e372c1470dbfbbc29.png,]e+"
80034d2a95128b9105ab7e5a278e66231725b642.png,l:ezz
808990905a8f029fc7f3f567088d57351812a1d6.png,tx^rr]
8091e78b415e5be840603d45d2460662bb2b7375.png,~-cr
80cfb1c6069e7198cf9321957b57c46f32d237a9.png,>xv
81396f3fd7f0a6e7981a0f3ddc0c510cbe24c939.png,/_?!
8163b4fa221fcb9ca93832b83ed32648784d4165.png,ii
81aa188c58af204c8a4be23ce3daf141fb22bcf2.png,i_
81c56e356c916d25ab908506c0015bf504380600.png,!xc@x
826d13a84e84c6307b46816ff95d28acee7a9986.png,+=?iae
827a893d5bec0a676e163ed67f0a2bb17bd56c84.png,-_
82e4d07da24e36654245bf05a09fdc08e4174f6f.png,)<+r#
835d6a76d4a8b06bd5fa068f9c50bf8f464942eb.png,/r)x
835f2b8276e82f9eb95998e93744b04612f92815.png,e
83998ca7c97f53d34cf35380fd0496148ce7042c.png,)j
83cc91e73db29595ad3f7fe9cf1625f3dccb57b3.png,+??r-
83d7e52ffaed25365af8616a875d8324628e05e8.png,)t~^$
83e25ad0408b3234327ce168aa64a0c0dd525807.png,r/_
841ac76098200d67a1b39d6298a17c3c0b4455a7.png,*&&()x
84261d62c0be62e6932f65b6628fbd60407354cc.png,$$g
8433c8a192f93545564285c4203b9f4d185d9af0.png,-/]]i-
8449e33aca9924cb8660654ab418deb8c222edd8.png,n[=re:
844a20f351561343b5fb4c4578d4504d8c6905f9.png,&=nx/&
84f748ce16844bfae413ee3193a523ca2683775c.png,%[<:l$
851639f54bb698d31674aba87d066b6066460ff6.png,%iip
85c4b75173f2a39707641317fad085ddea30fcc3.png,=?nn(r
85dbfddbfc5ce51a7b93238d8a9bee53c085d1f9.png,tvv$
862d720488c8ab3d181866a0b9e611eff15a0bb3.png,)x
86be9592703e4395194a5cc81dfa995bc14adf95.png,?n)tv
8705e59f2debec642e772300b7cbb32316af417e.png,n$vr?
870d7a0ea657b3bed3f687f24f30f21781f4fd80.png,%[pp#
8722f512a7e1cd1272e326a705fca6845ee1aeea.png,-]]>/
872841f1bde1d57f1250c577f61d7031c9f81ed8.png,aa
874c44505a166fe0ed8e30713034231c29272e77.png,//&
8767adf341db22e00faea9dae5c776a13bc48957.png,&t
87734341e9ce55d73da7710f22b2d89abc16f619.png,(>>>?j
881fdb2350798e70f56d65fa9a28f45d37f24431.png,_-:
884aa8efcd482fbf25398ae46b643bef5048fd59.png,)
8851d8f36281457eaf277151de6d226c1d686ebb.png,<%"it^
8917f42f2a767cfc4e63cd7d2e1c98555eb8868e.png,?aa&
89459eb00107872c8150db06e0232174ecdcb167.png,<<zi
899fe32138f87a3498e9add5a006e39b53fc33c9.png,
89b9949a7eed2349a29828882735638f91b8a06c.png,%%&$
89f76c3656ce8f94ed9caa5d150cadb465490a67.png,c(=
89f9e53b6752f70fcc0830e52ac3155fb316b71d.png,:z~~r+
8a7294484544b0e6fb4d538f92e55a98d3ba7dbc.png,p#$vvc
8abed10e04a01921e948bec2be13365ef2f097c7.png,z
8afaae537af22d35fadf8c8740be9ac777d82e43.png,c**_/~
8b189311b85fef61a2c67009539294ad47d85138.png,-$<(i
8b8b07618bdf3758917546a950b94020eceb33a4.png,@elij[
8bb65d9cdefdfe0cf5d8149fe9d1f85fd446ad66.png,i#
8bdb5e64641ad47669034a6ba25f5f1579641179.png,
8c7296279830ef65028121286cdf907af4857e5f.png,vpvvli
8c745859f498790f37b3e071614eaf47be76b1f2.png,//
8cb7f6761cf5759cfc09c088e342e12338defcb1.png,[l]le[
8d2b583528a7a231c4d3058608654c6220d3f5cb.png,+[+"-c
8d4390e80d23ddb9ccfad44860656bad2c6d4aca.png,z
8daf7bbb9f52e6fa58224caeaf2dfa827cb1fadd.png,#aj
8dcb1c45e6bbfa9142256cd9b5aa6d51d3495840.png,i/
8de1dd2a178f2909e3f41e3719de1454be7a4463.png,i!^v@#
8de62b98dc3c28d0c0f99cba343936533538b935.png,[v@!+"
8e7636884ad7b555ff3a2e003737f716bef93354.png,i~!!zl
8ec0c30af662df8885b7e592c5829dc74fe1fed3.png,_@@<)r
8f1942e28a095076daee6dbcf622cbb392bb8d8f.png,*n--%
8f1b7441167266eaac0be299ea148adecaaa8d03.png,lrr&ge
8f2c9e6842e3bd8653fd3a641923811536f078fa.png,?gg=~!
8f764a2c269e3d2c218fb8822aa4144757a3da0c.png,@~&&[@
8f772103dfb5255450d6fe2d4ace09d5d31556d3.png,nttar#
8f9264692c5c22b0a70ae03b4d7eb6b7e59e22e9.png,?l(%%!
8f9671bc3975959446f5284f5f0add9cca6c8185.png,:![en
8faf336720bf786b027597c27a59ad73da8c9197.png,<[[=
8fc779cb9a930f1103be94bfa0876a6f4eddf0e2.png,i>**_
8ffc4b7ef323de747911bb0376717cc07b6a7ed9.png,?nlex-
906965447ddbcef7a4818442745e82816ed62da1.png,-+[i
90799656f2f47552c11a7d01b137b1dad930086b.png,jjnpz
90b6a1908187a49859a30e49f0fb65f8b2337f4c.png,lggcc*
90bed8a0d275983c51eab776b790039b40ac2a34.png,+v__(>
90d950d9853ec42f614974ea6226e379ca16dc96.png,<===
90fb2a4ce6fd8c6bd5cc9ff38613184186e23d38.png,>!!
910add422cd87296730afb19e2d9227eeb079d78.png,-[/
913b1c5bf29d55f8663467173db2305428905d24.png,///^
91709a86a565b30c99ac4e712eaa4722e71ad6b2.png,--ri
918828de667677f1adcac133c597030b2675ca5e.png,e((>%!
91988dfccecb359bb62a1680f877eecfb493bd99.png,**n@
91e1c2134ad51ca90990b306c926c030e38ff6d2.png,@+ie^"
92101c25ec83643f7de58e3113de5ac3c975e72e.png,:g--
927e6e5933d6627acec57b17c1f859f38681bcfe.png,=n^$!+
92ae0e4d014b0657da3ef304bba97f5194d97a49.png,$_)
92b63dd23bb2f16a7a2286fe9de69bdcb6999811.png,"c_~a
92d45a3c35879c02272cc0385b04e0b3f5cb9309.png,/_
9380e0109d25311e550b66a4f7deee877969edde.png,/ggc
93c2fdfe04ba4f3737351bcfc01a09782608de31.png,>>
944814b675abbacfa382112c5ae93c3868c9a2a3.png,
9450071f8c1a882bda8904f086863aa1d96d5e51.png,^^n!*n
94ccdd69777082e3a459f6f21df13f9462b7c179.png,^t*$x>
9511822fe35a2c98212b646f9fb8812365e7ea9f.png,$$+
952d54c0df360de5c5a84e2c50147f847677a1ea.png,&<+<
9548e644f03757039d1c823540b0757f7f32b8aa.png,=]
955195b3fca5a4bd395286dfa8c601f24976b591.png,[
95547561009ffea07d45457dd6e09bc4b0b8a976.png,_ea$n~
9596848abf2d5f32c88bf3473cf02f47828bed94.png,-)
95bb3808398e3a4e757953a59f9f6ebe33515b2c.png,l:nn:
960c03d08f576fc5f5181ab8975f9b81a2c2070e.png,i
967013622db1a9ac166922990986a5cff6d6407f.png,[&##ij
96e7edb5bf4a4b7b6fc924d40ab59882dd23b5d5.png,@lli<]
97388ef725aab2e1c39716ee0fa52edeac0bd766.png,--
976083769959f7cddb6c15e69945185960e05c5f.png,&-
97a2efea27ff3d842f626ff3e16f19295b79dcaa.png,)
97adb394110334612dd5650c8b5fb2ecfa2ea2f4.png,??*~
97b51faad734a6d676856d4f049de1c36d77e81c.png,&/!^+e
982e902992b39da01a09801a5be749847c9f5a61.png,#?&]&a
983375f393548214c927c981aab989c1d3a3a3fd.png,<<(e
984f11158d32bc65a3dcf4182d64c4f8eb4ffafb.png,/jpcz%
98d50a2a3cfa5ed53f37a2bfb2294053f0b1e13d.png,?pg]ct
98e778f90f8d27880e9f4090a05e2748ffff0f3b.png,??-%g]
993e0efbed8389d5bd6545846a4b611b97331a6a.png,~&[_a(
995d453df0a3628f64009b9c575d621a7d5811c9.png,a
99cfe95071cf0401cfc44a70ba41861eba924221.png,zz_
99ec60fda9616e571d2a5d121ef54e1e78136a1c.png,~rr]_
99f64e80a9e31bad16646602e3ec1663895179b4.png,~[i
9a4427be2d09263929dd02be53936ff158e0688f.png,ig
9abbc8d7185b614bb04c99d3f9f816b7d2a0b850.png,%>~@i!
9ad7cddf74d9da8e1aa4e230582aec52d8133f17.png,_
9ae75a71c1e85c73d93e342b14036d6a71a3ffc1.png,/^n$$a
9b5a42494464f53c390ca988cea9db8da0bee3c2.png,it_
9bd26f14f18b8184baf0df8de0b96cbc41019f21.png,a_ne^/
9bd314860cc3510e390a668c0f286798f09f4952.png,x@+*
9bfad3f654750aa3a8f3a057d6e82a110f0606f4.png,z
9c0a5fc074c7b4758634a6af429713308e823aa1.png,)
9c149332fc567650aeaf224b471b0bdc2470e014.png,l<
9c73c95c648e61c61dbd04a21a10540265866c2e.png,$[gg!
9c77d3162dd144ccfeb727af976b127d8a4655ac.png,rrp%
9c7e3930569af81b6bac7c3cc6cce1be94f2c9c0.png,&<!-(:
9c87eb44785cd164a33012b6300aedfbf7290117.png,?>*:&+
9cc0be9b05ca8aeb72bdea618d8d0f7df2e8520c.png,+*p>$
9cdf35c1c4a346a6c087fd5e8a1a81d779f051c0.png,+^iv
9cf684613583e43436b0f0b5e6e2607d10b5cc00.png,a&?~~#
9d316fc2b07ba1bbc3df576829d987698f5a91ea.png,%%<t
9d3944841789829bf9435310a984705146b5d30e.png,v)e?^<
9d4b26eedc4f619912e7270aab65d0f4c480f162.png,>>=)
9dcedf1dbea4a7de59e59126f05f69a566e5bd5a.png,>a+a(_
9ddd00321aa429a8b5680e50d4790eb1e93a0a7f.png,*=
9e36efa627456eea0602211beb8625a92561a8aa.png,cn==/p
9e37d691474f9a2db9a542ef3d1ae28d76dcd17b.png,xp+$$i
9e89f42eed3bca6bc7f4324c5974e6a88a92af3a.png,^_-!*
9ef800c3f4c9ef2c2635b010f09f36167f42ce60.png,)$j[[*
9f32482dd6ce32e07153e9f03efcff25045b27b9.png,!)_/
9f5e9355d5d7e6db738eaa332f01aaead81d6d86.png,z---@/
9fe4639d10a98dec11718ea59c3a249776ac1857.png,n*e*c+
a0010fda9a803dad2fad51319a12d9792f8b6640.png,c_
a0055f6e38f29fc35cc47be74a55c97cb5c9244d.png,t&"+l
a04da5c148fd4faa73bc34921d6a2f2499f41878.png,!!x
a054006179742df109a4a57ade80628ea41238f3.png,
a090a3cdc1007c2211b364d0566aa0a2e5cc46ad.png,ejj]
a0e8647df909a3e58cda54f9428d9e8bda37f9d5.png,>_
a14cefd6ddb44d469aac222bd5b499b224218975.png,_!ep[
a16000e109084d3c8d12bb987176dfb8dc269a3e.png,&&(
a1965e1146bae9de3803b8901d9d19390d0a9141.png,_))z
a1d495cc5159381491ec2f379a132a54e8792749.png,>j^]&&
a32b8a43b39dc3267d974305e5d07afbd6a54a86.png,%!>!xj
a37de02aa63542bd39dda07645aba1258c59ab9b.png,<:(!!
a3930db9afbbff2426fe2c0f1465cebf8d0bffbd.png,:^j##e
a39a657e7bc8407a21cfe8eaf56aff9c9cfdb5b8.png,agg$
a3c30de7279bae96b3921d37db21c50223365303.png,i-:i"v
a3d074716c168dbea77056f843bd99118ded3703.png,&$(
a423ec3adec3d1d60e1ae25d3ef3eadc378a00af.png,~""$r&
a46aa271b48f9a79122fc535e7377f044b67aeec.png,av[i<$
a474c65d381667d9ff7b5094ab680099d714517f.png,a_
a49c96a51a842f78fa49922d9526f6d201fccd57.png,*i==za
a4c98d37dd5ffac1e7c848ee94b32bd18790180a.png,!g
a51657fe49d8d0cebf0da7773cce94303cbaaf70.png,!!
a533803e5d8b51fe97488d6aa891c07da9716126.png,e&
a5384dd16ef6441f5538fb6cf0ada11c97b0c4a0.png,v&gj=r
a5fda44d09166a9643ceca2c3215a386069bb290.png,==_##
a62421a83081c972368a5292eb905988a7fef0f0.png,izt_?e
a632e95df46cfd69da64686592940113c0f2f17d.png,e*?/j&
a69d3982b1059fd9caea94847e32a1c0e703d801.png,%i((<
a70d97b46fadf14cd8b48c0f292badfc96f96f37.png,zt##ii
a731a68c5fd517415d99220e40f3afa5027f9987.png,<==
a7388b48cf6acb9152e80c21fee214de09de0130.png,-cc*!
a75eed306572d80f45db9e1801e0adb528c04bc5.png,//g
a8061785ce47bf19cc6558902790bd684112a067.png,!
a8d8e49c30a545d62a3cdf952fa1a955113c27e3.png,z[+=g/
a8e0114daffdbf193257277a638fb18cd4400053.png,@<@c~]
a8f4eec2738d7e926b75eced2a4d23921b786bc7.png,a//c
a8f81c35541830d482dc7812e619d33d836994fc.png,:]++
a8ff682da74ed5781a9bec8f6938a058612470c2.png,g=?r^?
a925672627bc2d50e25c4b7a841756d7038a7c12.png,_??l_-
a9690a4ab20dafb1da9968d56dcb8d7d3b4e3993.png,--%%
a9929dac1a32ae50d46edde0bc876bcab76f939e.png,_-><]
a9d3d6608a3cf8d4d986f4f140051196451e1796.png,(ap
aa4d2c4e0974e2bd8330a0653a995eb5bc58ba33.png,ng/jj)
aa65e3bb43ced30f37cc347917ee3c83c5e04ec6.png,[rr
aa7157e7ec19f7175136624a1501b58134646712.png,lzz:
aac8ad4e75d44e1fe9395328a3beeb6052fb32fc.png,@^
ab1ac06844ea3f25448af25de58a730def5d1175.png,#ilc[^
ab37bf02307d0119030e7e0b7fba2cd720f4fd11.png,p$$
ab67a9e1daeab9ad3f303064f59f9af315f1e34b.png,$*=++
ac27a73f4914f15f130db689f9d884cb3b2db756.png,l//p:%
ac6a87627a190de7c29c9c517480291291571893.png,#pl?
ac6fba5e062a0c0ef20e7c86677923b25fbe46ec.png,lnc:?
acec946a9f197217c7c4e744f8b7c8610da386ce.png,)
acee37323a2d65564e73c0b13b373aa8a798d2ff.png,l?ivl-
acf177ed39fa6843cbac1782767bb7898c275d7d.png,#!a@r
ad1781906c496fed3e488dddec1399c20ca756a4.png,/>
ad32b87fe00fa788af506696e8207572d933eafc.png,??
ad4aaae223ab1a6a6c89b8c11cd2b6f313d2c223.png,t]]xx[
ad6d98382bc4a96be03f3e461a20fe350a1fcd8d.png,*_j
ad808aded4ff8a1e3dd31990fcef084bbd27a376.png,j!t*[<
adc3ce37e71da7a0a122d63429f27a8442635c38.png,v<+:t[
adf47ee5a0ef15a6deb88d99a523425621d79e32.png,~$:le
adf6a19619aea4830ed02322a827e36026fa5611.png,lg/!p+
ae1325d6ea19f854edae82e15b75afc4330cd87c.png,$^%$v&
ae7034fda472062bdf2462e2b65bdff85711c427.png,[
aee46180525a339cc635a5347777990b945a62d4.png,[e$$_
aef808c3e7a1089020fde6d47193fa753d3f8830.png,%")
af409daa5897eabf31f1b486abcb8d1a5a25fc5a.png,<!@@n)
af43f19891182c438a17052be157fe4f52e2494c.png,lx/e>[
af7d15c39c1503047bda9c0da628559acde2a51f.png,il&t@l
af7e58bcff0a5c5111334453e1e6d439870c777c.png,>jj-t~
b00ec60c15bfe95b125db165e98a68d43e48c260.png,^x!l>+
b0361f029bf11d22a43eae56d8d2e42091566cf0.png,~n
b07425291bff66f97fe54e4aebaa6205b97c2aa5.png,-$
b133092f31a4fdedbcff8186e3ab70c202f37448.png,</>
b1c6b1058495b0eedcbcc1ffdff1305d52cb8e67.png,cae
b1cee8f6d02ae792bb3bf7a6e79051d40029c92a.png,<<~
b24848d03bce0af515e6774bcc3b64b96ec56f6a.png,a]?vtg
b291890df29e0fe6c725f29d9af6ff6ffe5adf74.png,++a]z
b2ad40d885abfecddc24b35574facbf82eca50a2.png,"@^__#
b3a1e1017ab323f2ac4906ff00fcf16929460ff7.png,/*+ip
b3c66e3a4613a3577b69fcba7e3318237a993444.png,((v>t
b4080fd36debcfaa22a04eed892ba8eccec0357f.png,<n-c&-
b445488be9f4a1896114961d3a6ce0fd7a7c6a11.png,a
b44b96af2b4d1e02d67d41e0b940c7e18784548f.png,!i_a^p
b48c746bc59c72db9849afb99558534ff2e8b317.png,@i&p/
b4ad8300d496de9c456045b399c53d1ac9e3a780.png,-%~&je
b52a6bb3a08e35caa164074c8491b1b3a84aded6.png,za]%~+
b540186764e32734f9bf0fedd0efb8fa44ca1f33.png,a:xaa?
b5febe9c72d73df7c858b6b44bb8f95a9393c327.png,?a[j
b6433d4ce6dc1ffc414bb3701c3b3eb71765b244.png,(
b65d23c27488b23504a7f339bdd532c61364d7f4.png,--
b6f2e5d233a46e25e6de00dcb0e2d63e5cd4b7f9.png,<)r
b702f1ad29de5af8881b574b810f131f2e94a5e4.png,*&#n+^
b7abf940422176c395709c816d0d29ebc885e5c9.png,_>$-rl
b8acaace902436b0d5add20b400fefece620df68.png,v=[i<
b926e32495190d8e51b4f2dfb26b6e0fb5aa6dcd.png,%vv==+
b9a1ab1d33a789bbe7abb2f3da9010a7a9ea5e21.png,$(
ba171737fea82dc9912480e060055975c76db515.png,=c
ba788d2c5d8d7b32558cc6f9fbec9a8fd2f8ef80.png,!$xe
ba960a333cacd06c91a0d7b52b86ffd9ed6d6b75.png,t__zzp
bb52a3710880e9b044828f3a84cd1537c682d62b.png,!n>)*
bb532e95a2730b90f87d0a9f53e31b0e695130aa.png,?-
bb95fc530186ff8e77458a755ce307af9cca0de6.png,*==*
bc1281e6db3edd62c59e5859d6b27f339dc9ffb9.png,_p%
bc131e9058a21e9342e427711d7b3ea1d9e73db0.png,:!
bca8d3673faac08a025101cff719ad49d7f770e8.png,//(@@
bcacd7f7d7f089c87621ecc67b85cea2f8a3fb9e.png,x?n]ne
bdc2ab894401aca759a6962897d2435c13a6391e.png,v!$$
bdd59f331d15da5b1b5702eab06afae427e475a7.png,!
be19b1a9ecb4c6d4dc11f1f6aad14832ff1f046f.png,--l)
be1b264c87da0cba39e84f259bb760717f334558.png,
be6184ffb868bf4f6d175deb3d1446bcff86c77e.png,r?z
bed7b6847406ed307a13533e75454a00e3d09110.png,++ie=
bf27805a6ee5f84fb56350d6c949fdb6563664f2.png,(]p)at
bf3be1a632631369b7a030d24da9a9168d4a1790.png,t>>$&v
bf5c3f74d8d7a8d4d98ce8ac97156aa23750dd50.png,/l[+]z
bfa06ad12d518cd234a2abdbe7016caab5b7e3e5.png,x+"$
c029c54ccb3099051b38f4b3708655b9e136061f.png,r[[
c09e350e7ebd138fc7e3cfd70a8543cc19b9205f.png,<:j]]<
c0f0cdd7736aa85fc77ac5e3103a1a1fdd57144d.png,&-(
c162d045123bb7ec45ea0d03eebbf66bc98777ba.png,:]]^~
c1ad513a959e7a51fc8d55f0693307d2ea85c8f5.png,z(]]&c
c1ef6d3cb8b9206848df37dddbb06b09a105ffe6.png,:
c1f676b02844ca25fab6defce0df7c3ec95e74e6.png,_>(@
c2172f2ccecfa10a8c0cced6d562207d69c5e6e7.png,]
c23bef354f811ea977feaa37197915d2fce6f548.png,><x
c278e42b5137cf4d6c7250647772bc656f205ea2.png,pp?==
c2ece2c6684beaeaab77222c7217ba1cde6274e0.png,/j&"#l
c2f1c2afe8b8d78b725f6c4a8d587ea46d765fa1.png,
c313e1f99ac9f63188362d6ea8116278e26bb3b9.png,
c39bc8e756158a4289b1f83964ca5bcce2a49c51.png,rg_~
c3e91757f88f9c3c03060ec6822acd11fc0d0dcd.png,[ppx)~
c428d90c194012d5d67f4f6cdf9bbf905f5137e7.png,c
c48858c8a1d32fb742c4755ed7af26911a053a8d.png,-_@
c4a432ac6b9b6ca5bace8a8cef2a7fe5c194d2ee.png,r@)]!
c521efca80a48e592d9195cedf177cc1beb47d89.png,:-z)
c5334d859fcd6b0d1183c11d473730c15d7e5c49.png,)==e
c5c0192c6cadaef32b9460811c033c724d68c58c.png,zna&&"
c5cfbef4279bca429baeeb37281aa96b2766edfa.png,)($jj=
c62fa896f0c988199fea8c02c585eea501a2f1dc.png,/%xx-z
c68c13cc4803403e0ef2d89044c6a67722753799.png,t!$
c6ded66858958cdd2aef48d71e8c8245e60dbb09.png,%p=
c7291cbf5627125632e5ff28bff278bc9cb92368.png,@#)$+p
c742073f1b7fadc78c35d4aa3324bc65e72aa5c2.png,i?!c]
c7a7f6bc1348aaa98399a23f84ed822209637b50.png,-zcc>
c7be7040aa55f92af25a70235c58c45d734c1b26.png,jg
c7e15f1f53e31325aeea88e9ca0188beb842350d.png,*]v@
c806259d141a1876743937dca538f0010a5d8a6d.png,-$$%r
c85f4fa52fe4310db6effaedc9e1ac64149dc402.png,=="_i]
c8ad501eca09c0af6d7406aeb2c96c06c2869497.png,%<vppa
c8da2de3a56f308dc014fa972b12f4c0557dacac.png,g:agl?
c8f0079dcfcc6e7cdd527c41438e80c30fff7bfa.png,
c90b10428e325deea3918ab5959479690463d79a.png,+"+[<n
c9f32e22fcc4c15d01d5cd372a6bd1a5f5176ad9.png,$l
c9f7e206e1a2f0e84df8ccfa579195b488712076.png,"-lx%_
ca0afc8ef889bc3fc6f4bda91e501906fc6ad75e.png,v
ca260bdc947d8dd8c8514458d60e183cf430589f.png,ig=[
ca9b836c7483a7ade9190cc6a510fe739d35d4cd.png,n-ggt
caccb41fe3e4aa644cba4ee077796187cef02799.png,:>*_
cb5e693136e5ca4a99349078b0e06588302dd43f.png,--<
cb732ac8c85ddeff6fbbefb1948dd0a6d0e530b3.png,%(
cb9afc7516a721c03ea5774525ee3653ba3e49bd.png,/
cbb8391d69c0d9e7f40ac466322ab1ee53012fc9.png,rr*::
cbf45dabd38f0b34a04c42f4eb2de7ed135c1474.png,//xta!
cc0bd3eabebdc3fa0602b5683d824118f4b4f974.png,
cc7125e7e4ba4bcf9350be9b9302f78da4723ce4.png,(c@l
cc7206e5365acc2c7db94b4e6eefde9e7f55152a.png,==_+]>
ccb73443260937c8f1bd87d116f404c449436cd5.png,a!
cd57e7a7508fed69a3b786178dc2f76e32b415db.png,$$g##l
cd88b158f5a08b2b1b8b2b0c0ad12a2077d7b98e.png,//
cd928d8ca74345c0fc05b5e54c4ac63798f163fc.png,!c!!v
cd992b92f3c3ed1fcf4f2a149ab90b1c4ed4458d.png,:=*cr@
cdc1b9c8866c2754f761da01435a974843d2c5a9.png,r##a(
cdf209e2e09982c3076a27cb1479f379bef8d52c.png,~-
ce13fb1187b1f5c1446028fbabf2098011a2e956.png,^cz/"
ce270f3a5caec9efc73898fe06f8c99dfe79bc94.png,rrg
ce558bf5673b5affe7d7c7c700599fcbb8b50d21.png,/
cec7ba4256ea071421ccf5923eecc43265bca2b9.png,_=e
cf0f0a53f165ff9fc63e3a9ee28d38c33327862b.png,:+xn
cf7ee1f51bc4473d19943e26e32a6c4d5e05cd74.png,z::
cf90102d75274b5c5248f1e25189415c06a0854b.png,
cfb0628ecf30e4cbf485c40b842626284dd90636.png,l?~@@
d00ba507fdad1015a64a5d6ca773f0f5001c37b2.png,/]]>[
d0250e8f89db2bf56f12e0076d74007f426e1acc.png,==<
d02e2e868133d45a6031b8a3443805a91e1881f5.png,]&)([
d085d28ce91088c8e32dea27286165460ee4a34d.png,"jj=
d09d902eae286f70272ab0aa3046720b3f2175b3.png,tcc
d1a64d73c866ec1839c754ca1e768dc7faf4f7ef.png,t>%lan
d1ba20b4f7474fa7c3d5faf7ce961ac848086064.png,!&^^ia
d3053264c1e24b2f9da3a4429370781202d784ef.png,_
d3ee2bbe465aab61dde557756311a4e8800f43b4.png,axt##
d4642a311b81629a18cb21ef38843c6d675d2f4a.png,$--*^(
d504a9ad29b4341a688c1614dff3f4ddc6b87078.png,g-))
d525df99fe88f8956a0b14fd14ab26c4e5ded094.png,>
d5e212f54b84119babd059526a018592e8e0482b.png,/v^
d60244aa374df746e9e0bce44e9dfc8dd014a8bf.png,-&^
d6194383b33eaf422aa64b3ca467db57877c5c4c.png,?/_@
d6471eead0218bf3830fe48dbcc2421190a48ed0.png,
d64e86eb8c1ec9e69a33ca8a3c29c4a20d0faa08.png,[a?)
d651f740ac1085ae806afc21a96fd02aa08469b2.png,(
d69f6d53930123bb533c8835c816f030ea4b682d.png,aa@@
d6c1581ba36e81b3430b41d8c76a10cd7118c174.png,~"p
d6dfaae1c0b7a4b951d23a929838c6bee7b1821d.png,]>
d723f59c447839192ea771371cf0948b198fbc0b.png,==
d73f8fcc67a156647d6230bca755bb1434aa5fa3.png,:
d74eca3dc55572623357b3bba9c69c902acb4893.png,$i/r
d7af0d665d3627dc82d7c2128f2724c1a5b6d6f0.png,?~:<=&
d7ea30ff49c1d8d2629a78655a60545dcce5c1a1.png,?e
d803ace918009c0c4fef9dae1aa7d2cbc64277fc.png,(##
d84b1fea7c250c9cec09a169750aef182ce55d27.png,@e/"
d872ca65ed35b42ff576b399e15f22edd9fe6b66.png,>>z#
d911f343eeb7566dc2e898068cb234cf8667c1af.png,/
d91a02bdf58935cd517920d71a01b08b43cfb387.png,%(c!
d9cb2bdc04fbeb6e0de80af34121ce65a1cd7829.png,v%xpp>
da25014ce3f4d9da2f957d8da86a108bd9b09f4a.png,^@))a>
da2ef0897aac4f54bb76e1dd30713903da961727.png,&""lt
da89d43a4ef3eebdfe712d33199519bb16d0c936.png,#*$^?p
db7d16737c883d83e0bcf89e47add2908a4afdc0.png,i]r!
dc18dad9ef7981fb34e9e5d2498e8cc6f6a3c7f6.png,ii
dc507ebe81ab401f2da49f1f454818a015a8f06d.png,<##/
dc5bd97d2288f13b902d1032f740c3d654bec724.png,=*(@rt
dcb852cf3132d83b826153b6177abe44d7d23f06.png,i<
dcb8f32cf6cd938cdb86594f3e5165da15daaed9.png,e(v~~c
dcc7232f7ec9bd45e74a05f31cf64f9d953dccab.png,tt_ee%
dd11fe6fbcd598b418ed2139456e73294ca51c29.png,@@p$$
dd490dd4d074ed4e3a1b1aafc97269b38e5fe10f.png,-*!++
dd90e561fb76c3708284c437ffac645edbfd7783.png,v+@@?/
dda3764f5fede54f7b27db3bde3db687932b09ba.png,~~(%>
ddd64dc310f77876834fc282ba1b697144002acd.png,/
de1428c7a367e5c7e11f002581a8ce4ce33d1b00.png,
de2817f959746e510c9a8ff0bdbe316c11f6cd8e.png,?[a
de31b537d6702a83e0b3418ddb2627254bb0537d.png,-_
de41c820ed2c8c5f9a58d6a639ead35b10b11954.png,a$
de5c3d047c452602a379e578af4ed7df417a2b66.png,^e(!ax
dea608bdeeef4c3b4ca362399597749f25ddaa7f.png,<*
ded1cb4ee61af57cee202c0cf0b366b10e4da73b.png,?/i
df70532fdec56319e5840750a29d2d51d0aab6d2.png,$vgr~
e014bd0f567c7a1b09286f2168e0ad02f3db98fd.png,e$!n$)
e0193e4fff96f2597f0db8dee3e34b5d6b082f57.png,z-]
e02ff099385747bb57f2bada4be4f1688a2c2043.png,cc
e03a9f4c8615355cae8bff3d40a5c71f2fbdabd7.png,__)*
e053b440140b0a02a2763b5d00c7a4b38cb670fb.png,c==]]/
e0c45e65b134ec6193ed09454ab434f1dc84abd3.png,c@(=&
e0e30c67deba2e8094855823a8bea3b424302b68.png,g~*+<
e19e0aa9c4ec11570bb6d47cdfbc2a6343962a6f.png,]=<)
e1b59b7602a19ffbd4ccc6eaa03569e748ada671.png,:z"_=>
e1c61d638c318984ddd3edab18bda668dc387579.png,
e1dc1a86ee98c546fb5c097570fa616558b24292.png,?#j_]=
e2689e3fc18a02d0a330fc78a88da4617796681d.png,>"#?^
e2a4ba53b9847fd805a35e98d0fb6b1f653479e4.png,-<
e2ab89c24cddd48de69c8717445076094984bf85.png,?"*
e2fedea14482d8b32289e42835f488f75bd12da5.png,==/
e3d1373da17ca3b4bd16d3c208cfdc91f61ff76d.png,g"[_"r
e3f9737f83843d5513ace13c74cbca2ca3fd391c.png,
e42ee9b5126b5fcc76feab836c4ce47f4aa6f708.png,$//
e4715e7ae50c50cbe64f70e666dbbd99f809c99b.png,&/~~~e
e5b2334e200e8bdbdef38e3203035615e954e1d3.png,>]eep!
e5c3dccb5975dc58891659d54be38e5c24ff6d37.png,$a::-r
e5c9f9602a1b1af3afbf66bb444759b3aa42ef1a.png,ai!_(
e5f64a86d78e50c328fd85026cef5593239d468c.png,ai])
e5fbb2497c48026faf1575e0e099ba679394b923.png,)z@
e68d1063573324b72172735c554021d51bccadf3.png,jp
e69cde81d1accc1ecc8398a273d241d6fd48912a.png,i*c)v
e6a9b15e476ec1fad2e2511785740ad727c52fe1.png,__
e6b71f8198b96434fa17d37539514320803a8559.png,<@??
e6c6ca53a9d4cd17176bc1e81dedb8039fdf2d7e.png,t@?)]a
e70808752b03e3b757ebdb9d6903d49a85e5e57e.png,$$-
e71f0006d43a9b88acf9376f95c5d36ce54081fc.png,#<<??
e74ddfca25bfd193f139cbddd3f30d0c9f79f57e.png,c)e^)l
e7781ba6da66cac6446bf2d4b5064d2c7717e2f7.png,<ti"_x
e77d853a1455da33d7865af95b65addce8c5a239.png,/
e80120b053ced35f0ddcea8afdd992162a981957.png,ce
e899636e27574181fe08dc0578356ed81864cd73.png,>>(g
e8beb8b387dca2d983c3d4e12e81ec9b87b51ce4.png,:/$$vl
e8f2a7f138cc680daf67930fb5dc452c996432ba.png,"xx]c@
e8fa2809531d12c5ff89e049c26f2fafbb1bfec3.png,)
e90eee5bcb9a7680e8848d8370f18bff12748813.png,n-rt~>
e91e807e844d1a86e816d49d40d6a342f766c3dc.png,nxp
e989d887ba6637842e82257c0a7b70ab593dba2b.png,gr-
e98a30d136d7fe75fb6297a44324a24a63ee3bd9.png,-n>]!*
e9b9894e733669ef2eacf625a9b233582182b1f7.png,%z
e9d3a6e07f3463b62f17f5ebb77066a3ddd5214e.png,_e<n?g
ea0773089e1d44db3cdf0d246660dbba86225527.png,/>>i
ea4c45c74ab498abea9c3bef8831a653c77f6944.png,zz
ea6ea46b6b515ceba187dcaf6c53fd110c89f9ac.png,/r)
ea9ef380421f3a422e6c35618676d3129af7239e.png,?~~[))
eb00c9e1ba2c133a750178858afb77466159e13f.png,c?]]a
eb0d9aa530ef9885904ea111eb3c7160bbab90ad.png,><z?cp
eb90a7f7bd9a067453ca54198e7ae7f5ce845e9e.png,>>]r
ebe6c7af4992be98d1692fb3da2b375a732dddb0.png,&@*<za
ec6abb041a1311cb7bf3d0f8ff2e875b7860aa2d.png,[[*e_
ecda3d450aaabb6018544305a05a6c2c3c1257b8.png,_@i
ece6ae465446f7da8b55253957b1b16380164aa8.png,tt?[)
ed0b3e1a4768d9fa5ed45fc8c268573aa0c95bc0.png,">pig(
ed1accf584a7c50318ab72a1fe771bc7e6bd8f6d.png,$::&?~
ed8c6f01930511374f76e4d188ec843ac6068d10.png,n**^:[
edeacd538e7734df07a56a3fbc882a027af79b0c.png,[gx)
edf32581ff320a0cff9e8ab7ebfac3c6ae6706b6.png,ep[j(%
ee7e3d1b3413a1d340bbd025e16e7d03561ee08e.png,
eee99c72236dafffdad10d13695ba089842d8593.png,=tt
ef4d864ec6e20bff0647faee3ad8f055f6a41ab6.png,+??
ef8347448a6e0b3f64b0a0623f816bbb3e3c8e5f.png,<r#
efec333eae7582e49799dcf5ec4beb9e99e72855.png,x
eff6f7efc67f76ff8782f5a6fd66e2b8f9aceb2e.png,::"
f011926dd8ddaf076fa3ec94ffd4f4ac8344b450.png,r-$$=
f0ebdfa6bb9b02236c6459fc86e7e54b51d525f6.png,:ii$r
f1021ed2525c0f4b10b53a3c64bbae035dccb692.png,v<
f107e5e2939b838505a9bfd3be76bd156cb2e90a.png,vi?rpv
f144dccd107a450630460df538ddb58ca7ceb775.png,+z+?&(
f1753a8e9aab496824ef3fee71d8d0e37cb752ef.png,x_-@a_
f1bb2f131893dec2038ebb57ea3de457550e5c38.png,&]jg
f22c06485cd2fea73b9f8de9702e413dbacf18f1.png,%<#e
f22f6e00faee3f3e3621396116f5a5ea6423d2f2.png,*^!!)!
f2be40baba8e388ec931397e6ad2230ec9a6d7d3.png,pi!!"x
f2ea12093970881f0450c59a6c19ec3925b5730d.png,ple*$z
f39a50df8a636159378d0791966c42a83f6f0d74.png,g$
f3b8c2271ddd2d508fd319cf3b47303fdcce0c3c.png,??
f4029ed51ee651902ca3a9bb8ca437cf4da21138.png,n&<[[
f436e61084036a57c4f321f9d28d7732a310d632.png,n<??
f4b4ab8fb154a1affa1b85ef84a086674425ba50.png,?"zz_~
f4f38610755705e58e5b75e010fe692692f67866.png,t
f51a1fd9fb0890fbc35514b25a281dc81998bb32.png,)e-
f546672d275da7485a6186542119de5a7802ccc3.png,:](
f5bce75cf409fb000987b805aed92ea8f736f324.png,ri
f617ebd4b471243d37a5ba01aac56169124f770d.png,e?l&<$
f64b3666ca013afc1a5fd48bc5ad2531650055cc.png,v@:(
f6dafca32d831227b10f8d4b15c98cf05c14cb35.png,]gg
f70327366320acd7d9e434e47022a12487a56278.png,*$^g"^
f717129f825a09eb8c1c150cac4b2616aae45a43.png,/e?+]&
f72afb0aa333c70c4cc2e013c6396091abefd737.png,&t-t>!
f74a8117adac0d6c564103a4a226dc93c331ec81.png,r:*<
f7579351d475e054f82034c6b8d0b4fe05380814.png,nn%
f772b64fc76fb5036938abd92014489dcc83f431.png,^xr^x]
f78bc6d7526648b48a705e06afcdff381d8ce521.png,==
f7a25886f5f08db7d2349eabf8c1692d1ada48da.png,)+>>/
f7c7c94af764e1bdc45664867acf919e24950f84.png,c#~jjg
f7cc70a0d9e8fd41cbff83b6560e35f4bcda1f86.png,__cp(
f8a15790598923bd17a5319c42dcfad4dff25c76.png,!
f90374564968b6e67e9651cae1eb7295374fb4ee.png,l--<^[
f98ba7d2c7053daf0dfcc7a64d332752282497f8.png,x~~
fa6c53137a14cb39f28f9ec2718181d7e1db1677.png,)_->n
faa22a01872397bca2190e7a75aa4e7bef83d018.png,##&
fb5aa594b1292d80c4345371ad31084a47e6b551.png,//
fb961e60c246fb9c2030a23e05081ccfffff25e5.png,x/p~/
fbb29a61a27a81312625755d81d697ae07241c6d.png,*r
fc4324ee6c0ec30ceae91a96a9bce8eb83b7ae67.png,%v##!v
fd157eb3c3403360e7c10f58e32f338e2df7b357.png,p<<
fd15fa9311b87e2f7ea8fa5cb728333e59ed334b.png,z$<<z^
fd2cbcd6afbc75352d097bfc475be8c9d4fdfc25.png,v/c=?
fd366d7d681bd965af516dca38b63f979438efb1.png,^"g
fd5e2496a7505d62a32d7df37d1404c76fc2287f.png,eval)-
fdcd5a1d65f09bb89bb77c4095daa8f911490f4d.png,*"(~!!
fdf53d15ea4adac6fabaaa46357cc344ff0211a2.png,@@l
febcecd58f0e56d0d7626bc08a05b1296a643304.png,rrr~@l
feef481ecefc22e9d1d085c18427205d446d9042.png,>v/
ff4f30b8b96588777b2bb36cde05b15181d2dbdd.png,z**[
ff53e0de3b3a7c3e8b3e0356dad4e7da9050a491.png,n^te%!
ff710442bf64518b3c06a59c1e10bfd00d9030d6.png,a:
