{"class_name": "Model", "config": {"name": "model", "layers": [{"class_name": "InputLayer", "config": {"batch_input_shape": [null, 64, 128, 3], "dtype": "float32", "sparse": false, "ragged": false, "name": "input_1"}, "name": "input_1", "inbound_nodes": []}, {"class_name": "Conv2D", "config": {"name": "conv2d", "trainable": true, "dtype": "float32", "filters": 32, "kernel_size": [3, 3], "strides": [1, 1], "padding": "same", "data_format": "channels_last", "dilation_rate": [1, 1], "activation": "linear", "use_bias": true, "kernel_initializer": {"class_name": "VarianceScaling", "config": {"scale": 2.0, "mode": "fan_in", "distribution": "uniform", "seed": null}}, "bias_initializer": {"class_name": "Zeros", "config": {}}, "kernel_regularizer": null, "bias_regularizer": null, "activity_regularizer": null, "kernel_constraint": null, "bias_constraint": null}, "name": "conv2d", "inbound_nodes": [[["input_1", 0, 0, {}]]]}, {"class_name": "BatchNormalization", "config": {"name": "batch_normalization", "trainable": true, "dtype": "float32", "axis": [3], "momentum": 0.99, "epsilon": 0.001, "center": true, "scale": true, "beta_initializer": {"class_name": "Zeros", "config": {}}, "gamma_initializer": {"class_name": "Ones", "config": {}}, "moving_mean_initializer": {"class_name": "Zeros", "config": {}}, "moving_variance_initializer": {"class_name": "Ones", "config": {}}, "beta_regularizer": null, "gamma_regularizer": null, "beta_constraint": null, "gamma_constraint": null}, "name": "batch_normalization", "inbound_nodes": [[["conv2d", 0, 0, {}]]]}, {"class_name": "Activation", "config": {"name": "activation", "trainable": true, "dtype": "float32", "activation": "relu"}, "name": "activation", "inbound_nodes": [[["batch_normalization", 0, 0, {}]]]}, {"class_name": "Conv2D", "config": {"name": "conv2d_1", "trainable": true, "dtype": "float32", "filters": 32, "kernel_size": [3, 3], "strides": [1, 1], "padding": "same", "data_format": "channels_last", "dilation_rate": [1, 1], "activation": "linear", "use_bias": true, "kernel_initializer": {"class_name": "VarianceScaling", "config": {"scale": 2.0, "mode": "fan_in", "distribution": "uniform", "seed": null}}, "bias_initializer": {"class_name": "Zeros", "config": {}}, "kernel_regularizer": null, "bias_regularizer": null, "activity_regularizer": null, "kernel_constraint": null, "bias_constraint": null}, "name": "conv2d_1", "inbound_nodes": [[["activation", 0, 0, {}]]]}, {"class_name": "BatchNormalization", "config": {"name": "batch_normalization_1", "trainable": true, "dtype": "float32", "axis": [3], "momentum": 0.99, "epsilon": 0.001, "center": true, "scale": true, "beta_initializer": {"class_name": "Zeros", "config": {}}, "gamma_initializer": {"class_name": "Ones", "config": {}}, "moving_mean_initializer": {"class_name": "Zeros", "config": {}}, "moving_variance_initializer": {"class_name": "Ones", "config": {}}, "beta_regularizer": null, "gamma_regularizer": null, "beta_constraint": null, "gamma_constraint": null}, "name": "batch_normalization_1", "inbound_nodes": [[["conv2d_1", 0, 0, {}]]]}, {"class_name": "Activation", "config": {"name": "activation_1", "trainable": true, "dtype": "float32", "activation": "relu"}, "name": "activation_1", "inbound_nodes": [[["batch_normalization_1", 0, 0, {}]]]}, {"class_name": "MaxPooling2D", "config": {"name": "max_pooling2d", "trainable": true, "dtype": "float32", "pool_size": [2, 2], "padding": "valid", "strides": [2, 2], "data_format": "channels_last"}, "name": "max_pooling2d", "inbound_nodes": [[["activation_1", 0, 0, {}]]]}, {"class_name": "Conv2D", "config": {"name": "conv2d_2", "trainable": true, "dtype": "float32", "filters": 64, "kernel_size": [3, 3], "strides": [1, 1], "padding": "same", "data_format": "channels_last", "dilation_rate": [1, 1], "activation": "linear", "use_bias": true, "kernel_initializer": {"class_name": "VarianceScaling", "config": {"scale": 2.0, "mode": "fan_in", "distribution": "uniform", "seed": null}}, "bias_initializer": {"class_name": "Zeros", "config": {}}, "kernel_regularizer": null, "bias_regularizer": null, "activity_regularizer": null, "kernel_constraint": null, "bias_constraint": null}, "name": "conv2d_2", "inbound_nodes": [[["max_pooling2d", 0, 0, {}]]]}, {"class_name": "BatchNormalization", "config": {"name": "batch_normalization_2", "trainable": true, "dtype": "float32", "axis": [3], "momentum": 0.99, "epsilon": 0.001, "center": true, "scale": true, "beta_initializer": {"class_name": "Zeros", "config": {}}, "gamma_initializer": {"class_name": "Ones", "config": {}}, "moving_mean_initializer": {"class_name": "Zeros", "config": {}}, "moving_variance_initializer": {"class_name": "Ones", "config": {}}, "beta_regularizer": null, "gamma_regularizer": null, "beta_constraint": null, "gamma_constraint": null}, "name": "batch_normalization_2", "inbound_nodes": [[["conv2d_2", 0, 0, {}]]]}, {"class_name": "Activation", "config": {"name": "activation_2", "trainable": true, "dtype": "float32", "activation": "relu"}, "name": "activation_2", "inbound_nodes": [[["batch_normalization_2", 0, 0, {}]]]}, {"class_name": "Conv2D", "config": {"name": "conv2d_3", "trainable": true, "dtype": "float32", "filters": 64, "kernel_size": [3, 3], "strides": [1, 1], "padding": "same", "data_format": "channels_last", "dilation_rate": [1, 1], "activation": "linear", "use_bias": true, "kernel_initializer": {"class_name": "VarianceScaling", "config": {"scale": 2.0, "mode": "fan_in", "distribution": "uniform", "seed": null}}, "bias_initializer": {"class_name": "Zeros", "config": {}}, "kernel_regularizer": null, "bias_regularizer": null, "activity_regularizer": null, "kernel_constraint": null, "bias_constraint": null}, "name": "conv2d_3", "inbound_nodes": [[["activation_2", 0, 0, {}]]]}, {"class_name": "BatchNormalization", "config": {"name": "batch_normalization_3", "trainable": true, "dtype": "float32", "axis": [3], "momentum": 0.99, "epsilon": 0.001, "center": true, "scale": true, "beta_initializer": {"class_name": "Zeros", "config": {}}, "gamma_initializer": {"class_name": "Ones", "config": {}}, "moving_mean_initializer": {"class_name": "Zeros", "config": {}}, "moving_variance_initializer": {"class_name": "Ones", "config": {}}, "beta_regularizer": null, "gamma_regularizer": null, "beta_constraint": null, "gamma_constraint": null}, "name": "batch_normalization_3", "inbound_nodes": [[["conv2d_3", 0, 0, {}]]]}, {"class_name": "Activation", "config": {"name": "activation_3", "trainable": true, "dtype": "float32", "activation": "relu"}, "name": "activation_3", "inbound_nodes": [[["batch_normalization_3", 0, 0, {}]]]}, {"class_name": "MaxPooling2D", "config": {"name": "max_pooling2d_1", "trainable": true, "dtype": "float32", "pool_size": [2, 2], "padding": "valid", "strides": [2, 2], "data_format": "channels_last"}, "name": "max_pooling2d_1", "inbound_nodes": [[["activation_3", 0, 0, {}]]]}, {"class_name": "Conv2D", "config": {"name": "conv2d_4", "trainable": true, "dtype": "float32", "filters": 128, "kernel_size": [3, 3], "strides": [1, 1], "padding": "same", "data_format": "channels_last", "dilation_rate": [1, 1], "activation": "linear", "use_bias": true, "kernel_initializer": {"class_name": "VarianceScaling", "config": {"scale": 2.0, "mode": "fan_in", "distribution": "uniform", "seed": null}}, "bias_initializer": {"class_name": "Zeros", "config": {}}, "kernel_regularizer": null, "bias_regularizer": null, "activity_regularizer": null, "kernel_constraint": null, "bias_constraint": null}, "name": "conv2d_4", "inbound_nodes": [[["max_pooling2d_1", 0, 0, {}]]]}, {"class_name": "BatchNormalization", "config": {"name": "batch_normalization_4", "trainable": true, "dtype": "float32", "axis": [3], "momentum": 0.99, "epsilon": 0.001, "center": true, "scale": true, "beta_initializer": {"class_name": "Zeros", "config": {}}, "gamma_initializer": {"class_name": "Ones", "config": {}}, "moving_mean_initializer": {"class_name": "Zeros", "config": {}}, "moving_variance_initializer": {"class_name": "Ones", "config": {}}, "beta_regularizer": null, "gamma_regularizer": null, "beta_constraint": null, "gamma_constraint": null}, "name": "batch_normalization_4", "inbound_nodes": [[["conv2d_4", 0, 0, {}]]]}, {"class_name": "Activation", "config": {"name": "activation_4", "trainable": true, "dtype": "float32", "activation": "relu"}, "name": "activation_4", "inbound_nodes": [[["batch_normalization_4", 0, 0, {}]]]}, {"class_name": "Conv2D", "config": {"name": "conv2d_5", "trainable": true, "dtype": "float32", "filters": 128, "kernel_size": [3, 3], "strides": [1, 1], "padding": "same", "data_format": "channels_last", "dilation_rate": [1, 1], "activation": "linear", "use_bias": true, "kernel_initializer": {"class_name": "VarianceScaling", "config": {"scale": 2.0, "mode": "fan_in", "distribution": "uniform", "seed": null}}, "bias_initializer": {"class_name": "Zeros", "config": {}}, "kernel_regularizer": null, "bias_regularizer": null, "activity_regularizer": null, "kernel_constraint": null, "bias_constraint": null}, "name": "conv2d_5", "inbound_nodes": [[["activation_4", 0, 0, {}]]]}, {"class_name": "BatchNormalization", "config": {"name": "batch_normalization_5", "trainable": true, "dtype": "float32", "axis": [3], "momentum": 0.99, "epsilon": 0.001, "center": true, "scale": true, "beta_initializer": {"class_name": "Zeros", "config": {}}, "gamma_initializer": {"class_name": "Ones", "config": {}}, "moving_mean_initializer": {"class_name": "Zeros", "config": {}}, "moving_variance_initializer": {"class_name": "Ones", "config": {}}, "beta_regularizer": null, "gamma_regularizer": null, "beta_constraint": null, "gamma_constraint": null}, "name": "batch_normalization_5", "inbound_nodes": [[["conv2d_5", 0, 0, {}]]]}, {"class_name": "Activation", "config": {"name": "activation_5", "trainable": true, "dtype": "float32", "activation": "relu"}, "name": "activation_5", "inbound_nodes": [[["batch_normalization_5", 0, 0, {}]]]}, {"class_name": "MaxPooling2D", "config": {"name": "max_pooling2d_2", "trainable": true, "dtype": "float32", "pool_size": [2, 2], "padding": "valid", "strides": [2, 2], "data_format": "channels_last"}, "name": "max_pooling2d_2", "inbound_nodes": [[["activation_5", 0, 0, {}]]]}, {"class_name": "Conv2D", "config": {"name": "conv2d_6", "trainable": true, "dtype": "float32", "filters": 256, "kernel_size": [3, 3], "strides": [1, 1], "padding": "same", "data_format": "channels_last", "dilation_rate": [1, 1], "activation": "linear", "use_bias": true, "kernel_initializer": {"class_name": "VarianceScaling", "config": {"scale": 2.0, "mode": "fan_in", "distribution": "uniform", "seed": null}}, "bias_initializer": {"class_name": "Zeros", "config": {}}, "kernel_regularizer": null, "bias_regularizer": null, "activity_regularizer": null, "kernel_constraint": null, "bias_constraint": null}, "name": "conv2d_6", "inbound_nodes": [[["max_pooling2d_2", 0, 0, {}]]]}, {"class_name": "BatchNormalization", "config": {"name": "batch_normalization_6", "trainable": true, "dtype": "float32", "axis": [3], "momentum": 0.99, "epsilon": 0.001, "center": true, "scale": true, "beta_initializer": {"class_name": "Zeros", "config": {}}, "gamma_initializer": {"class_name": "Ones", "config": {}}, "moving_mean_initializer": {"class_name": "Zeros", "config": {}}, "moving_variance_initializer": {"class_name": "Ones", "config": {}}, "beta_regularizer": null, "gamma_regularizer": null, "beta_constraint": null, "gamma_constraint": null}, "name": "batch_normalization_6", "inbound_nodes": [[["conv2d_6", 0, 0, {}]]]}, {"class_name": "Activation", "config": {"name": "activation_6", "trainable": true, "dtype": "float32", "activation": "relu"}, "name": "activation_6", "inbound_nodes": [[["batch_normalization_6", 0, 0, {}]]]}, {"class_name": "Conv2D", "config": {"name": "conv2d_7", "trainable": true, "dtype": "float32", "filters": 256, "kernel_size": [3, 3], "strides": [1, 1], "padding": "same", "data_format": "channels_last", "dilation_rate": [1, 1], "activation": "linear", "use_bias": true, "kernel_initializer": {"class_name": "VarianceScaling", "config": {"scale": 2.0, "mode": "fan_in", "distribution": "uniform", "seed": null}}, "bias_initializer": {"class_name": "Zeros", "config": {}}, "kernel_regularizer": null, "bias_regularizer": null, "activity_regularizer": null, "kernel_constraint": null, "bias_constraint": null}, "name": "conv2d_7", "inbound_nodes": [[["activation_6", 0, 0, {}]]]}, {"class_name": "BatchNormalization", "config": {"name": "batch_normalization_7", "trainable": true, "dtype": "float32", "axis": [3], "momentum": 0.99, "epsilon": 0.001, "center": true, "scale": true, "beta_initializer": {"class_name": "Zeros", "config": {}}, "gamma_initializer": {"class_name": "Ones", "config": {}}, "moving_mean_initializer": {"class_name": "Zeros", "config": {}}, "moving_variance_initializer": {"class_name": "Ones", "config": {}}, "beta_regularizer": null, "gamma_regularizer": null, "beta_constraint": null, "gamma_constraint": null}, "name": "batch_normalization_7", "inbound_nodes": [[["conv2d_7", 0, 0, {}]]]}, {"class_name": "Activation", "config": {"name": "activation_7", "trainable": true, "dtype": "float32", "activation": "relu"}, "name": "activation_7", "inbound_nodes": [[["batch_normalization_7", 0, 0, {}]]]}, {"class_name": "MaxPooling2D", "config": {"name": "max_pooling2d_3", "trainable": true, "dtype": "float32", "pool_size": [2, 2], "padding": "valid", "strides": [2, 2], "data_format": "channels_last"}, "name": "max_pooling2d_3", "inbound_nodes": [[["activation_7", 0, 0, {}]]]}, {"class_name": "Conv2D", "config": {"name": "conv2d_8", "trainable": true, "dtype": "float32", "filters": 256, "kernel_size": [3, 3], "strides": [1, 1], "padding": "same", "data_format": "channels_last", "dilation_rate": [1, 1], "activation": "linear", "use_bias": true, "kernel_initializer": {"class_name": "VarianceScaling", "config": {"scale": 2.0, "mode": "fan_in", "distribution": "uniform", "seed": null}}, "bias_initializer": {"class_name": "Zeros", "config": {}}, "kernel_regularizer": null, "bias_regularizer": null, "activity_regularizer": null, "kernel_constraint": null, "bias_constraint": null}, "name": "conv2d_8", "inbound_nodes": [[["max_pooling2d_3", 0, 0, {}]]]}, {"class_name": "BatchNormalization", "config": {"name": "batch_normalization_8", "trainable": true, "dtype": "float32", "axis": [3], "momentum": 0.99, "epsilon": 0.001, "center": true, "scale": true, "beta_initializer": {"class_name": "Zeros", "config": {}}, "gamma_initializer": {"class_name": "Ones", "config": {}}, "moving_mean_initializer": {"class_name": "Zeros", "config": {}}, "moving_variance_initializer": {"class_name": "Ones", "config": {}}, "beta_regularizer": null, "gamma_regularizer": null, "beta_constraint": null, "gamma_constraint": null}, "name": "batch_normalization_8", "inbound_nodes": [[["conv2d_8", 0, 0, {}]]]}, {"class_name": "Activation", "config": {"name": "activation_8", "trainable": true, "dtype": "float32", "activation": "relu"}, "name": "activation_8", "inbound_nodes": [[["batch_normalization_8", 0, 0, {}]]]}, {"class_name": "Conv2D", "config": {"name": "conv2d_9", "trainable": true, "dtype": "float32", "filters": 256, "kernel_size": [3, 3], "strides": [1, 1], "padding": "same", "data_format": "channels_last", "dilation_rate": [1, 1], "activation": "linear", "use_bias": true, "kernel_initializer": {"class_name": "VarianceScaling", "config": {"scale": 2.0, "mode": "fan_in", "distribution": "uniform", "seed": null}}, "bias_initializer": {"class_name": "Zeros", "config": {}}, "kernel_regularizer": null, "bias_regularizer": null, "activity_regularizer": null, "kernel_constraint": null, "bias_constraint": null}, "name": "conv2d_9", "inbound_nodes": [[["activation_8", 0, 0, {}]]]}, {"class_name": "BatchNormalization", "config": {"name": "batch_normalization_9", "trainable": true, "dtype": "float32", "axis": [3], "momentum": 0.99, "epsilon": 0.001, "center": true, "scale": true, "beta_initializer": {"class_name": "Zeros", "config": {}}, "gamma_initializer": {"class_name": "Ones", "config": {}}, "moving_mean_initializer": {"class_name": "Zeros", "config": {}}, "moving_variance_initializer": {"class_name": "Ones", "config": {}}, "beta_regularizer": null, "gamma_regularizer": null, "beta_constraint": null, "gamma_constraint": null}, "name": "batch_normalization_9", "inbound_nodes": [[["conv2d_9", 0, 0, {}]]]}, {"class_name": "Activation", "config": {"name": "activation_9", "trainable": true, "dtype": "float32", "activation": "relu"}, "name": "activation_9", "inbound_nodes": [[["batch_normalization_9", 0, 0, {}]]]}, {"class_name": "MaxPooling2D", "config": {"name": "max_pooling2d_4", "trainable": true, "dtype": "float32", "pool_size": [2, 2], "padding": "valid", "strides": [2, 2], "data_format": "channels_last"}, "name": "max_pooling2d_4", "inbound_nodes": [[["activation_9", 0, 0, {}]]]}, {"class_name": "Flatten", "config": {"name": "flatten", "trainable": true, "dtype": "float32", "data_format": "channels_last"}, "name": "flatten", "inbound_nodes": [[["max_pooling2d_4", 0, 0, {}]]]}, {"class_name": "Dense", "config": {"name": "char_1", "trainable": true, "dtype": "float32", "units": 50, "activation": "softmax", "use_bias": true, "kernel_initializer": {"class_name": "GlorotUniform", "config": {"seed": null}}, "bias_initializer": {"class_name": "Zeros", "config": {}}, "kernel_regularizer": null, "bias_regularizer": null, "activity_regularizer": null, "kernel_constraint": null, "bias_constraint": null}, "name": "char_1", "inbound_nodes": [[["flatten", 0, 0, {}]]]}, {"class_name": "Dense", "config": {"name": "char_2", "trainable": true, "dtype": "float32", "units": 50, "activation": "softmax", "use_bias": true, "kernel_initializer": {"class_name": "GlorotUniform", "config": {"seed": null}}, "bias_initializer": {"class_name": "Zeros", "config": {}}, "kernel_regularizer": null, "bias_regularizer": null, "activity_regularizer": null, "kernel_constraint": null, "bias_constraint": null}, "name": "char_2", "inbound_nodes": [[["flatten", 0, 0, {}]]]}, {"class_name": "Dense", "config": {"name": "char_3", "trainable": true, "dtype": "float32", "units": 50, "activation": "softmax", "use_bias": true, "kernel_initializer": {"class_name": "GlorotUniform", "config": {"seed": null}}, "bias_initializer": {"class_name": "Zeros", "config": {}}, "kernel_regularizer": null, "bias_regularizer": null, "activity_regularizer": null, "kernel_constraint": null, "bias_constraint": null}, "name": "char_3", "inbound_nodes": [[["flatten", 0, 0, {}]]]}, {"class_name": "Dense", "config": {"name": "char_4", "trainable": true, "dtype": "float32", "units": 50, "activation": "softmax", "use_bias": true, "kernel_initializer": {"class_name": "GlorotUniform", "config": {"seed": null}}, "bias_initializer": {"class_name": "Zeros", "config": {}}, "kernel_regularizer": null, "bias_regularizer": null, "activity_regularizer": null, "kernel_constraint": null, "bias_constraint": null}, "name": "char_4", "inbound_nodes": [[["flatten", 0, 0, {}]]]}, {"class_name": "Dense", "config": {"name": "char_5", "trainable": true, "dtype": "float32", "units": 50, "activation": "softmax", "use_bias": true, "kernel_initializer": {"class_name": "GlorotUniform", "config": {"seed": null}}, "bias_initializer": {"class_name": "Zeros", "config": {}}, "kernel_regularizer": null, "bias_regularizer": null, "activity_regularizer": null, "kernel_constraint": null, "bias_constraint": null}, "name": "char_5", "inbound_nodes": [[["flatten", 0, 0, {}]]]}, {"class_name": "Dense", "config": {"name": "char_6", "trainable": true, "dtype": "float32", "units": 50, "activation": "softmax", "use_bias": true, "kernel_initializer": {"class_name": "GlorotUniform", "config": {"seed": null}}, "bias_initializer": {"class_name": "Zeros", "config": {}}, "kernel_regularizer": null, "bias_regularizer": null, "activity_regularizer": null, "kernel_constraint": null, "bias_constraint": null}, "name": "char_6", "inbound_nodes": [[["flatten", 0, 0, {}]]]}], "input_layers": [["input_1", 0, 0]], "output_layers": [["char_1", 0, 0], ["char_2", 0, 0], ["char_3", 0, 0], ["char_4", 0, 0], ["char_5", 0, 0], ["char_6", 0, 0]]}, "keras_version": "2.3.0-tf", "backend": "tensorflow"}